cn_no,seq,event,detail,event_dt
CN-90501,1,Booking Created,,2026-08-16 03:00:00
CN-90501,2,Vehicle Allocated,,2026-08-16 17:00:00
CN-90501,3,Picked Up,,2026-08-16 20:00:00
CN-90501,4,In Transit,,2026-08-17 02:00:00
CN-90501,5,At Hub,,2026-08-17 08:00:00
CN-90501,6,Out For Delivery,,2026-08-18 01:00:00
CN-90501,7,Delivered,,2026-08-18 20:00:00
CN-90501,8,POD Uploaded,,2026-08-19 07:00:00
CN-90502,1,Booking Created,,2026-07-20 14:00:00
CN-90502,2,Vehicle Allocated,,2026-07-20 19:00:00
CN-90502,3,Picked Up,,2026-07-20 22:00:00
CN-90502,4,In Transit,,2026-07-21 12:00:00
CN-90502,5,At Hub,,2026-07-22 01:00:00
CN-90502,6,Out For Delivery,,2026-07-22 17:00:00
CN-90502,7,Delivered,,2026-07-22 23:00:00
CN-90502,8,POD Uploaded,,2026-07-23 06:00:00
CN-90503,1,Booking Created,,2026-08-01 03:00:00
CN-90503,2,Vehicle Allocated,,2026-08-01 17:00:00
CN-90503,3,Picked Up,,2026-08-02 02:00:00
CN-90503,4,In Transit,,2026-08-02 14:00:00
CN-90503,5,At Hub,,2026-08-03 04:00:00
CN-90503,6,Out For Delivery,,2026-08-03 22:00:00
CN-90503,7,Delivered,,2026-08-04 02:00:00
CN-90503,8,POD Uploaded,,2026-08-04 08:00:00
CN-90504,1,Booking Created,,2026-08-21 07:00:00
CN-90504,2,Vehicle Allocated,,2026-08-21 19:00:00
CN-90504,3,Picked Up,,2026-08-22 15:00:00
CN-90504,4,In Transit,,2026-08-22 23:00:00
CN-90504,5,At Hub,,2026-08-23 02:00:00
CN-90504,6,Out For Delivery,,2026-08-23 06:00:00
CN-90504,7,Delivered,,2026-08-23 22:00:00
CN-90504,8,POD Uploaded,,2026-08-24 07:00:00
CN-90505,1,Booking Created,,2026-08-16 16:00:00
CN-90505,2,Vehicle Allocated,,2026-08-17 01:00:00
CN-90505,3,Picked Up,,2026-08-17 12:00:00
CN-90505,4,In Transit,,2026-08-18 03:00:00
CN-90505,5,At Hub,,2026-08-18 09:00:00
CN-90505,6,Out For Delivery,,2026-08-18 20:00:00
CN-90505,7,Delivered,,2026-08-19 12:00:00
CN-90505,8,POD Uploaded,,2026-08-20 03:00:00
CN-90506,1,Booking Created,,2026-07-15 14:00:00
CN-90506,2,Vehicle Allocated,,2026-07-16 02:00:00
CN-90506,3,Picked Up,,2026-07-16 06:00:00
CN-90506,4,In Transit,,2026-07-16 15:00:00
CN-90506,5,At Hub,,2026-07-17 10:00:00
CN-90506,6,Out For Delivery,,2026-07-18
CN-90506,7,Delivered,,2026-07-18 06:00:00
CN-90506,8,POD Uploaded,,2026-07-18 17:00:00
CN-90507,1,Booking Created,,2026-07-23 17:00:00
CN-90507,2,Vehicle Allocated,,2026-07-24 08:00:00
CN-90507,3,Picked Up,,2026-07-24 16:00:00
CN-90507,4,In Transit,,2026-07-25
CN-90507,5,At Hub,,2026-07-25 10:00:00
CN-90507,6,Out For Delivery,,2026-07-25 23:00:00
CN-90507,7,Delivered,,2026-07-26 09:00:00
CN-90507,8,POD Uploaded,,2026-07-26 15:00:00
CN-90508,1,Booking Created,,2026-08-31 08:00:00
CN-90508,2,Vehicle Allocated,,2026-08-31 15:00:00
CN-90508,3,Picked Up,,2026-09-01 07:00:00
CN-90509,1,Booking Created,,2026-08-31 05:00:00
CN-90509,2,Vehicle Allocated,,2026-08-31 17:00:00
CN-90509,3,Picked Up,,2026-09-01 08:00:00
CN-90510,1,Booking Created,,2026-08-08 09:00:00
CN-90510,2,Vehicle Allocated,,2026-08-09
CN-90510,3,Picked Up,,2026-08-09 06:00:00
CN-90510,4,In Transit,,2026-08-10 02:00:00
CN-90510,5,At Hub,,2026-08-10 09:00:00
CN-90510,6,Out For Delivery,,2026-08-10 12:00:00
CN-90510,7,Delivered,,2026-08-11 01:00:00
CN-90510,8,POD Uploaded,,2026-08-11 17:00:00
CN-90511,1,Booking Created,,2026-08-02 08:00:00
CN-90511,2,Vehicle Allocated,,2026-08-03 01:00:00
CN-90511,3,Picked Up,,2026-08-03 10:00:00
CN-90511,4,In Transit,,2026-08-03 22:00:00
CN-90511,5,At Hub,,2026-08-04 02:00:00
CN-90511,6,Out For Delivery,,2026-08-04 06:00:00
CN-90511,7,Delivered,,2026-08-04 22:00:00
CN-90511,8,POD Uploaded,,2026-08-05 04:00:00
CN-90512,1,Booking Created,,2026-08-27 05:00:00
CN-90512,2,Vehicle Allocated,,2026-08-27 16:00:00
CN-90512,3,Picked Up,,2026-08-28 03:00:00
CN-90513,1,Booking Created,,2026-07-16 08:00:00
CN-90513,2,Vehicle Allocated,,2026-07-16 20:00:00
CN-90513,3,Picked Up,,2026-07-17 08:00:00
CN-90513,4,In Transit,,2026-07-17 18:00:00
CN-90513,5,At Hub,,2026-07-17 23:00:00
CN-90513,6,Out For Delivery,,2026-07-18 04:00:00
CN-90513,7,Delivered,,2026-07-18 22:00:00
CN-90513,8,POD Uploaded,,2026-07-19 13:00:00
CN-90514,1,Booking Created,,2026-08-20 09:00:00
CN-90514,2,Vehicle Allocated,,2026-08-21 01:00:00
CN-90514,3,Picked Up,,2026-08-21 20:00:00
CN-90514,4,In Transit,,2026-08-22 09:00:00
CN-90514,5,At Hub,,2026-08-22 23:00:00
CN-90514,6,Out For Delivery,,2026-08-23 08:00:00
CN-90514,7,Delivered,,2026-08-23 21:00:00
CN-90514,8,POD Uploaded,,2026-08-24 07:00:00
CN-90515,1,Booking Created,,2026-08-05 09:00:00
CN-90515,2,Vehicle Allocated,,2026-08-05 18:00:00
CN-90515,3,Picked Up,,2026-08-05 23:00:00
CN-90515,4,In Transit,,2026-08-06 11:00:00
CN-90515,5,At Hub,,2026-08-06 17:00:00
CN-90515,6,Out For Delivery,,2026-08-07
CN-90515,7,Delivered,,2026-08-07 15:00:00
CN-90515,8,POD Uploaded,,2026-08-07 22:00:00
CN-90516,1,Booking Created,,2026-08-04 15:00:00
CN-90516,2,Vehicle Allocated,,2026-08-05 09:00:00
CN-90516,3,Picked Up,,2026-08-05 18:00:00
CN-90516,4,In Transit,,2026-08-05 23:00:00
CN-90516,5,At Hub,,2026-08-06 16:00:00
CN-90516,6,Out For Delivery,,2026-08-06 23:00:00
CN-90516,7,Delivered,,2026-08-07 08:00:00
CN-90516,8,POD Uploaded,,2026-08-07 13:00:00
CN-90517,1,Booking Created,,2026-07-08 03:00:00
CN-90517,2,Vehicle Allocated,,2026-07-08 09:00:00
CN-90517,3,Picked Up,,2026-07-09 03:00:00
CN-90517,4,In Transit,,2026-07-09 20:00:00
CN-90517,5,At Hub,,2026-07-10 14:00:00
CN-90517,6,Out For Delivery,,2026-07-10 18:00:00
CN-90517,7,Delivered,,2026-07-11 11:00:00
CN-90517,8,POD Uploaded,,2026-07-12 05:00:00
CN-90518,1,Booking Created,,2026-08-16 05:00:00
CN-90518,2,Vehicle Allocated,,2026-08-16 11:00:00
CN-90518,3,Picked Up,,2026-08-16 21:00:00
CN-90518,4,In Transit,,2026-08-17 17:00:00
CN-90518,5,At Hub,,2026-08-18 10:00:00
CN-90518,6,Out For Delivery,,2026-08-18 14:00:00
CN-90518,7,Delivered,,2026-08-19 08:00:00
CN-90518,8,POD Uploaded,,2026-08-20 04:00:00
CN-90519,1,Booking Created,,2026-08-10 17:00:00
CN-90519,2,Vehicle Allocated,,2026-08-11 01:00:00
CN-90519,3,Picked Up,,2026-08-11 20:00:00
CN-90519,4,In Transit,,2026-08-12 11:00:00
CN-90519,5,At Hub,,2026-08-12 22:00:00
CN-90519,6,Out For Delivery,,2026-08-13 14:00:00
CN-90519,7,Delivered,,2026-08-14 02:00:00
CN-90519,8,POD Uploaded,,2026-08-14 06:00:00
CN-90520,1,Booking Created,,2026-07-29 20:00:00
CN-90520,2,Vehicle Allocated,,2026-07-30 11:00:00
CN-90520,3,Picked Up,,2026-07-31 03:00:00
CN-90520,4,In Transit,,2026-07-31 12:00:00
CN-90520,5,At Hub,,2026-08-01 02:00:00
CN-90520,6,Out For Delivery,,2026-08-01 11:00:00
CN-90520,7,Delivered,,2026-08-01 16:00:00
CN-90520,8,POD Uploaded,,2026-08-01 23:00:00
CN-90521,1,Booking Created,,2026-08-14 13:00:00
CN-90521,2,Vehicle Allocated,,2026-08-14 16:00:00
CN-90521,3,Picked Up,,2026-08-15
CN-90521,4,In Transit,,2026-08-15 03:00:00
CN-90521,5,At Hub,,2026-08-15 11:00:00
CN-90521,6,Out For Delivery,,2026-08-15 14:00:00
CN-90521,7,Delivered,,2026-08-16 05:00:00
CN-90521,8,POD Uploaded,,2026-08-16 14:00:00
CN-90522,1,Booking Created,,2026-08-18 09:00:00
CN-90522,2,Vehicle Allocated,,2026-08-19 01:00:00
CN-90522,3,Picked Up,,2026-08-19 11:00:00
CN-90522,4,In Transit,,2026-08-20
CN-90522,5,At Hub,,2026-08-20 13:00:00
CN-90522,6,Out For Delivery,,2026-08-21 02:00:00
CN-90522,7,Delivered,,2026-08-21 12:00:00
CN-90522,8,POD Uploaded,,2026-08-22 08:00:00
CN-90523,1,Booking Created,,2026-08-15 07:00:00
CN-90523,2,Vehicle Allocated,,2026-08-15 23:00:00
CN-90523,3,Picked Up,,2026-08-16 10:00:00
CN-90523,4,In Transit,,2026-08-16 13:00:00
CN-90523,5,At Hub,,2026-08-17 06:00:00
CN-90523,6,Out For Delivery,,2026-08-17 09:00:00
CN-90523,7,Delivered,,2026-08-18 01:00:00
CN-90523,8,POD Uploaded,,2026-08-18 05:00:00
CN-90524,1,Booking Created,,2026-07-27 05:00:00
CN-90524,2,Vehicle Allocated,,2026-07-28
CN-90524,3,Picked Up,,2026-07-28 15:00:00
CN-90524,4,In Transit,,2026-07-29 05:00:00
CN-90524,5,At Hub,,2026-07-29 16:00:00
CN-90524,6,Out For Delivery,,2026-07-29 20:00:00
CN-90524,7,Delivered,,2026-07-30 03:00:00
CN-90524,8,POD Uploaded,,2026-07-30 21:00:00
CN-90525,1,Booking Created,,2026-08-26 14:00:00
CN-90525,2,Vehicle Allocated,,2026-08-26 21:00:00
CN-90525,3,Picked Up,,2026-08-27 01:00:00
CN-90526,1,Booking Created,,2026-08-29 19:00:00
CN-90526,2,Vehicle Allocated,,2026-08-30 02:00:00
CN-90526,3,Picked Up,,2026-08-30 06:00:00
CN-90527,1,Booking Created,,2026-07-23 12:00:00
CN-90527,2,Vehicle Allocated,,2026-07-24 07:00:00
CN-90527,3,Picked Up,,2026-07-24 21:00:00
CN-90527,4,In Transit,,2026-07-25 02:00:00
CN-90527,5,At Hub,,2026-07-25 16:00:00
CN-90527,6,Out For Delivery,,2026-07-26 02:00:00
CN-90527,7,Delivered,,2026-07-26 05:00:00
CN-90527,8,POD Uploaded,,2026-07-26 20:00:00
CN-90528,1,Booking Created,,2026-08-03 09:00:00
CN-90528,2,Vehicle Allocated,,2026-08-03 19:00:00
CN-90528,3,Picked Up,,2026-08-03 23:00:00
CN-90528,4,In Transit,,2026-08-04 11:00:00
CN-90528,5,At Hub,,2026-08-05 07:00:00
CN-90528,6,Out For Delivery,,2026-08-05 16:00:00
CN-90528,7,Delivered,,2026-08-05 19:00:00
CN-90528,8,POD Uploaded,,2026-08-06 10:00:00
CN-90529,1,Booking Created,,2026-07-21 03:00:00
CN-90529,2,Vehicle Allocated,,2026-07-21 13:00:00
CN-90529,3,Picked Up,,2026-07-21 17:00:00
CN-90529,4,In Transit,,2026-07-22 01:00:00
CN-90529,5,At Hub,,2026-07-22 19:00:00
CN-90529,6,Out For Delivery,,2026-07-22 23:00:00
CN-90529,7,Delivered,,2026-07-23 13:00:00
CN-90529,8,POD Uploaded,,2026-07-23 20:00:00
CN-90530,1,Booking Created,,2026-07-06 13:00:00
CN-90530,2,Vehicle Allocated,,2026-07-07 06:00:00
CN-90530,3,Picked Up,,2026-07-07 22:00:00
CN-90530,4,In Transit,,2026-07-08 04:00:00
CN-90530,5,At Hub,,2026-07-08 08:00:00
CN-90530,6,Out For Delivery,,2026-07-08 20:00:00
CN-90530,7,Delivered,,2026-07-09 08:00:00
CN-90530,8,POD Uploaded,,2026-07-09 19:00:00
CN-90531,1,Booking Created,,2026-08-09 04:00:00
CN-90531,2,Vehicle Allocated,,2026-08-09 10:00:00
CN-90531,3,Picked Up,,2026-08-09 22:00:00
CN-90531,4,In Transit,,2026-08-10 07:00:00
CN-90531,5,At Hub,,2026-08-10 12:00:00
CN-90531,6,Out For Delivery,,2026-08-10 19:00:00
CN-90531,7,Delivered,,2026-08-11 09:00:00
CN-90531,8,POD Uploaded,,2026-08-11 20:00:00
CN-90532,1,Booking Created,,2026-08-11 14:00:00
CN-90532,2,Vehicle Allocated,,2026-08-11 22:00:00
CN-90532,3,Picked Up,,2026-08-12 10:00:00
CN-90532,4,In Transit,,2026-08-12 13:00:00
CN-90532,5,At Hub,,2026-08-13 05:00:00
CN-90532,6,Out For Delivery,,2026-08-13 20:00:00
CN-90532,7,Delivered,,2026-08-14 03:00:00
CN-90532,8,POD Uploaded,,2026-08-14 09:00:00
CN-90533,1,Booking Created,,2026-07-29 03:00:00
CN-90533,2,Vehicle Allocated,,2026-07-29 06:00:00
CN-90533,3,Picked Up,,2026-07-29 15:00:00
CN-90533,4,In Transit,,2026-07-30 09:00:00
CN-90533,5,At Hub,,2026-07-30 17:00:00
CN-90533,6,Out For Delivery,,2026-07-31 06:00:00
CN-90533,7,Delivered,,2026-07-31 23:00:00
CN-90533,8,POD Uploaded,,2026-08-01 13:00:00
CN-90534,1,Booking Created,,2026-08-19 13:00:00
CN-90534,2,Vehicle Allocated,,2026-08-20 02:00:00
CN-90534,3,Picked Up,,2026-08-20 16:00:00
CN-90534,4,In Transit,,2026-08-21 02:00:00
CN-90534,5,At Hub,,2026-08-21 12:00:00
CN-90534,6,Out For Delivery,,2026-08-22 08:00:00
CN-90534,7,Delivered,,2026-08-22 23:00:00
CN-90534,8,POD Uploaded,,2026-08-23 19:00:00
CN-90535,1,Booking Created,,2026-08-15 07:00:00
CN-90535,2,Vehicle Allocated,,2026-08-16
CN-90535,3,Picked Up,,2026-08-16 20:00:00
CN-90535,4,In Transit,,2026-08-17 03:00:00
CN-90535,5,At Hub,,2026-08-17 13:00:00
CN-90535,6,Out For Delivery,,2026-08-18 04:00:00
CN-90535,7,Delivered,,2026-08-18 19:00:00
CN-90535,8,POD Uploaded,,2026-08-19 15:00:00
CN-90536,1,Booking Created,,2026-08-04 05:00:00
CN-90536,2,Vehicle Allocated,,2026-08-04 08:00:00
CN-90536,3,Picked Up,,2026-08-04 16:00:00
CN-90536,4,In Transit,,2026-08-05 10:00:00
CN-90536,5,At Hub,,2026-08-05 20:00:00
CN-90536,6,Out For Delivery,,2026-08-06 02:00:00
CN-90536,7,Delivered,,2026-08-06 11:00:00
CN-90536,8,POD Uploaded,,2026-08-06 21:00:00
CN-90537,1,Booking Created,,2026-08-16 18:00:00
CN-90537,2,Vehicle Allocated,,2026-08-16 21:00:00
CN-90537,3,Picked Up,,2026-08-17 05:00:00
CN-90537,4,In Transit,,2026-08-17 10:00:00
CN-90537,5,At Hub,,2026-08-18
CN-90537,6,Out For Delivery,,2026-08-18 05:00:00
CN-90537,7,Delivered,,2026-08-18 16:00:00
CN-90537,8,POD Uploaded,,2026-08-19 05:00:00
CN-90538,1,Booking Created,,2026-08-19 07:00:00
CN-90538,2,Vehicle Allocated,,2026-08-20 02:00:00
CN-90538,3,Picked Up,,2026-08-20 13:00:00
CN-90538,4,In Transit,,2026-08-20 20:00:00
CN-90538,5,At Hub,,2026-08-21 03:00:00
CN-90538,6,Out For Delivery,,2026-08-21 06:00:00
CN-90538,7,Delivered,,2026-08-21 16:00:00
CN-90538,8,POD Uploaded,,2026-08-22 10:00:00
CN-90539,1,Booking Created,,2026-08-11 15:00:00
CN-90539,2,Vehicle Allocated,,2026-08-12 01:00:00
CN-90539,3,Picked Up,,2026-08-12 06:00:00
CN-90539,4,In Transit,,2026-08-12 10:00:00
CN-90539,5,At Hub,,2026-08-12 21:00:00
CN-90539,6,Out For Delivery,,2026-08-13 03:00:00
CN-90539,7,Delivered,,2026-08-13 10:00:00
CN-90539,8,POD Uploaded,,2026-08-14 06:00:00
CN-90540,1,Booking Created,,2026-07-18 06:00:00
CN-90540,2,Vehicle Allocated,,2026-07-18 22:00:00
CN-90540,3,Picked Up,,2026-07-19 09:00:00
CN-90540,4,In Transit,,2026-07-20 02:00:00
CN-90540,5,At Hub,,2026-07-20 22:00:00
CN-90540,6,Out For Delivery,,2026-07-21 06:00:00
CN-90540,7,Delivered,,2026-07-21 22:00:00
CN-90540,8,POD Uploaded,,2026-07-22 18:00:00
CN-90541,1,Booking Created,,2026-07-13 13:00:00
CN-90541,2,Vehicle Allocated,,2026-07-14 05:00:00
CN-90541,3,Picked Up,,2026-07-14 12:00:00
CN-90541,4,In Transit,,2026-07-14 16:00:00
CN-90541,5,At Hub,,2026-07-14 23:00:00
CN-90541,6,Out For Delivery,,2026-07-15 08:00:00
CN-90541,7,Delivered,,2026-07-15 15:00:00
CN-90541,8,POD Uploaded,,2026-07-16 07:00:00
CN-90542,1,Booking Created,,2026-07-24 05:00:00
CN-90542,2,Vehicle Allocated,,2026-07-24 22:00:00
CN-90542,3,Picked Up,,2026-07-25 02:00:00
CN-90542,4,In Transit,,2026-07-25 18:00:00
CN-90542,5,At Hub,,2026-07-26 06:00:00
CN-90542,6,Out For Delivery,,2026-07-27
CN-90542,7,Delivered,,2026-07-27 19:00:00
CN-90542,8,POD Uploaded,,2026-07-28 10:00:00
CN-90543,1,Booking Created,,2026-08-20 14:00:00
CN-90543,2,Vehicle Allocated,,2026-08-20 23:00:00
CN-90543,3,Picked Up,,2026-08-21 02:00:00
CN-90543,4,In Transit,,2026-08-21 07:00:00
CN-90543,5,At Hub,,2026-08-21 16:00:00
CN-90543,6,Out For Delivery,,2026-08-21 23:00:00
CN-90544,1,Booking Created,,2026-07-13 16:00:00
CN-90544,2,Vehicle Allocated,,2026-07-14 09:00:00
CN-90544,3,Picked Up,,2026-07-14 15:00:00
CN-90544,4,In Transit,,2026-07-14 20:00:00
CN-90544,5,At Hub,,2026-07-15 09:00:00
CN-90544,6,Out For Delivery,,2026-07-16 02:00:00
CN-90544,7,Delivered,,2026-07-16 19:00:00
CN-90544,8,POD Uploaded,,2026-07-17 07:00:00
CN-90545,1,Booking Created,,2026-08-18 20:00:00
CN-90545,2,Vehicle Allocated,,2026-08-19
CN-90545,3,Picked Up,,2026-08-19 09:00:00
CN-90545,4,In Transit,,2026-08-19 16:00:00
CN-90545,5,At Hub,,2026-08-19 22:00:00
CN-90545,6,Out For Delivery,,2026-08-20 08:00:00
CN-90545,7,Delivered,,2026-08-21 04:00:00
CN-90545,8,POD Uploaded,,2026-08-21 15:00:00
CN-90546,1,Booking Created,,2026-08-10 03:00:00
CN-90546,2,Vehicle Allocated,,2026-08-10 22:00:00
CN-90546,3,Picked Up,,2026-08-11 06:00:00
CN-90546,4,In Transit,,2026-08-11 19:00:00
CN-90546,5,At Hub,,2026-08-12 02:00:00
CN-90546,6,Out For Delivery,,2026-08-12 14:00:00
CN-90546,7,Delivered,,2026-08-13 09:00:00
CN-90546,8,POD Uploaded,,2026-08-13 16:00:00
CN-90547,1,Booking Created,,2026-08-25 10:00:00
CN-90547,2,Vehicle Allocated,,2026-08-26 04:00:00
CN-90547,3,Picked Up,,2026-08-26 22:00:00
CN-90547,4,In Transit,,2026-08-27 15:00:00
CN-90547,5,At Hub,,2026-08-28 08:00:00
CN-90547,6,Out For Delivery,,2026-08-29
CN-90547,7,Delivered,,2026-08-29 19:00:00
CN-90547,8,POD Uploaded,,2026-08-30 11:00:00
CN-90548,1,Booking Created,,2026-08-07 11:00:00
CN-90548,2,Vehicle Allocated,,2026-08-08 04:00:00
CN-90548,3,Picked Up,,2026-08-08 07:00:00
CN-90548,4,In Transit,,2026-08-08 14:00:00
CN-90548,5,At Hub,,2026-08-08 17:00:00
CN-90548,6,Out For Delivery,,2026-08-09 05:00:00
CN-90548,7,Delivered,,2026-08-09 15:00:00
CN-90548,8,POD Uploaded,,2026-08-09 18:00:00
CN-90549,1,Booking Created,,2026-07-28 05:00:00
CN-90549,2,Vehicle Allocated,,2026-07-28 14:00:00
CN-90549,3,Picked Up,,2026-07-29 01:00:00
CN-90549,4,In Transit,,2026-07-29 14:00:00
CN-90549,5,At Hub,,2026-07-30
CN-90549,6,Out For Delivery,,2026-07-30 14:00:00
CN-90549,7,Delivered,,2026-07-31 09:00:00
CN-90549,8,POD Uploaded,,2026-07-31 13:00:00
CN-90550,1,Booking Created,,2026-08-16 19:00:00
CN-90550,2,Vehicle Allocated,,2026-08-17
CN-90550,3,Picked Up,,2026-08-17 11:00:00
CN-90550,4,In Transit,,2026-08-18 02:00:00
CN-90550,5,At Hub,,2026-08-18 06:00:00
CN-90550,6,Out For Delivery,,2026-08-18 17:00:00
CN-90550,7,Delivered,,2026-08-18 20:00:00
CN-90550,8,POD Uploaded,,2026-08-19 16:00:00
CN-90551,1,Booking Created,,2026-08-13 05:00:00
CN-90551,2,Vehicle Allocated,,2026-08-13 21:00:00
CN-90551,3,Picked Up,,2026-08-14 01:00:00
CN-90551,4,In Transit,,2026-08-14 19:00:00
CN-90551,5,At Hub,,2026-08-15 03:00:00
CN-90551,6,Out For Delivery,,2026-08-15 19:00:00
CN-90551,7,Delivered,,2026-08-16 01:00:00
CN-90551,8,POD Uploaded,,2026-08-16 15:00:00
CN-90552,1,Booking Created,,2026-08-30 14:00:00
CN-90552,2,Vehicle Allocated,,2026-08-31 01:00:00
CN-90552,3,Picked Up,,2026-08-31 07:00:00
CN-90553,1,Booking Created,,2026-08-17 04:00:00
CN-90553,2,Vehicle Allocated,,2026-08-17 19:00:00
CN-90553,3,Picked Up,,2026-08-18 01:00:00
CN-90553,4,In Transit,,2026-08-18 09:00:00
CN-90553,5,At Hub,,2026-08-18 22:00:00
CN-90553,6,Out For Delivery,,2026-08-19 06:00:00
CN-90553,7,Delivered,,2026-08-19 12:00:00
CN-90553,8,POD Uploaded,,2026-08-19 15:00:00
CN-90554,1,Booking Created,,2026-08-20 04:00:00
CN-90554,2,Vehicle Allocated,,2026-08-20 14:00:00
CN-90554,3,Picked Up,,2026-08-21 08:00:00
CN-90554,4,In Transit,,2026-08-21 14:00:00
CN-90554,5,At Hub,,2026-08-21 19:00:00
CN-90554,6,Out For Delivery,,2026-08-22 14:00:00
CN-90554,7,Delivered,,2026-08-22 21:00:00
CN-90554,8,POD Uploaded,,2026-08-23 01:00:00
CN-90555,1,Booking Created,,2026-08-08 14:00:00
CN-90555,2,Vehicle Allocated,,2026-08-08 18:00:00
CN-90555,3,Picked Up,,2026-08-09 01:00:00
CN-90555,4,In Transit,,2026-08-09 14:00:00
CN-90555,5,At Hub,,2026-08-10 03:00:00
CN-90555,6,Out For Delivery,,2026-08-10 08:00:00
CN-90555,7,Delivered,,2026-08-10 16:00:00
CN-90555,8,POD Uploaded,,2026-08-11 09:00:00
CN-90556,1,Booking Created,,2026-07-31 16:00:00
CN-90556,2,Vehicle Allocated,,2026-08-01 05:00:00
CN-90556,3,Picked Up,,2026-08-01 10:00:00
CN-90556,4,In Transit,,2026-08-02 01:00:00
CN-90556,5,At Hub,,2026-08-02 16:00:00
CN-90556,6,Out For Delivery,,2026-08-03 12:00:00
CN-90556,7,Delivered,,2026-08-03 17:00:00
CN-90556,8,POD Uploaded,,2026-08-04 05:00:00
CN-90557,1,Booking Created,,2026-08-05 07:00:00
CN-90557,2,Vehicle Allocated,,2026-08-05 23:00:00
CN-90557,3,Picked Up,,2026-08-06 08:00:00
CN-90557,4,In Transit,,2026-08-06 19:00:00
CN-90557,5,At Hub,,2026-08-07 15:00:00
CN-90557,6,Out For Delivery,,2026-08-08 10:00:00
CN-90557,7,Delivered,,2026-08-09 02:00:00
CN-90557,8,POD Uploaded,,2026-08-09 13:00:00
CN-90558,1,Booking Created,,2026-08-19 12:00:00
CN-90558,2,Vehicle Allocated,,2026-08-19 15:00:00
CN-90558,3,Picked Up,,2026-08-19 19:00:00
CN-90558,4,In Transit,,2026-08-20 04:00:00
CN-90558,5,At Hub,,2026-08-20 18:00:00
CN-90558,6,Out For Delivery,,2026-08-21 08:00:00
CN-90558,7,Delivered,,2026-08-21 11:00:00
CN-90558,8,POD Uploaded,,2026-08-22 07:00:00
CN-90559,1,Booking Created,,2026-07-05 14:00:00
CN-90559,2,Vehicle Allocated,,2026-07-06
CN-90559,3,Picked Up,,2026-07-06 15:00:00
CN-90559,4,In Transit,,2026-07-06 22:00:00
CN-90559,5,At Hub,,2026-07-07 02:00:00
CN-90559,6,Out For Delivery,,2026-07-07 07:00:00
CN-90559,7,Delivered,,2026-07-07 21:00:00
CN-90559,8,POD Uploaded,,2026-07-08 09:00:00
CN-90560,1,Booking Created,,2026-07-04 05:00:00
CN-90560,2,Vehicle Allocated,,2026-07-04 08:00:00
CN-90560,3,Picked Up,,2026-07-04 16:00:00
CN-90560,4,In Transit,,2026-07-04 21:00:00
CN-90560,5,At Hub,,2026-07-05 13:00:00
CN-90560,6,Out For Delivery,,2026-07-05 18:00:00
CN-90560,7,Delivered,,2026-07-06 01:00:00
CN-90560,8,POD Uploaded,,2026-07-06 13:00:00
CN-90561,1,Booking Created,,2026-08-07 20:00:00
CN-90561,2,Vehicle Allocated,,2026-08-08 16:00:00
CN-90561,3,Picked Up,,2026-08-09 03:00:00
CN-90561,4,In Transit,,2026-08-09 13:00:00
CN-90561,5,At Hub,,2026-08-10 07:00:00
CN-90561,6,Out For Delivery,,2026-08-10 15:00:00
CN-90561,7,Delivered,,2026-08-10 21:00:00
CN-90561,8,POD Uploaded,,2026-08-11 17:00:00
CN-90562,1,Booking Created,,2026-07-30 03:00:00
CN-90562,2,Vehicle Allocated,,2026-07-30 22:00:00
CN-90562,3,Picked Up,,2026-07-31 07:00:00
CN-90562,4,In Transit,,2026-07-31 11:00:00
CN-90562,5,At Hub,,2026-07-31 18:00:00
CN-90562,6,Out For Delivery,,2026-08-01 13:00:00
CN-90562,7,Delivered,,2026-08-01 17:00:00
CN-90562,8,POD Uploaded,,2026-08-02 11:00:00
CN-90563,1,Booking Created,,2026-08-30 20:00:00
CN-90563,2,Vehicle Allocated,,2026-08-31 02:00:00
CN-90563,3,Picked Up,,2026-08-31 19:00:00
CN-90564,1,Booking Created,,2026-07-30 17:00:00
CN-90564,2,Vehicle Allocated,,2026-07-31 11:00:00
CN-90564,3,Picked Up,,2026-07-31 19:00:00
CN-90564,4,In Transit,,2026-08-01 01:00:00
CN-90564,5,At Hub,,2026-08-01 07:00:00
CN-90564,6,Out For Delivery,,2026-08-01 10:00:00
CN-90564,7,Delivered,,2026-08-02 01:00:00
CN-90564,8,POD Uploaded,,2026-08-02 18:00:00
CN-90565,1,Booking Created,,2026-08-18 05:00:00
CN-90565,2,Vehicle Allocated,,2026-08-18 20:00:00
CN-90565,3,Picked Up,,2026-08-19 11:00:00
CN-90565,4,In Transit,,2026-08-19 22:00:00
CN-90565,5,At Hub,,2026-08-20 03:00:00
CN-90565,6,Out For Delivery,,2026-08-20 14:00:00
CN-90565,7,Delivered,,2026-08-20 22:00:00
CN-90565,8,POD Uploaded,,2026-08-21 12:00:00
CN-90566,1,Booking Created,,2026-07-27 13:00:00
CN-90566,2,Vehicle Allocated,,2026-07-28 05:00:00
CN-90566,3,Picked Up,,2026-07-28 22:00:00
CN-90566,4,In Transit,,2026-07-29 01:00:00
CN-90566,5,At Hub,,2026-07-29 20:00:00
CN-90566,6,Out For Delivery,,2026-07-30 03:00:00
CN-90566,7,Delivered,,2026-07-30 06:00:00
CN-90566,8,POD Uploaded,,2026-07-30 13:00:00
CN-90567,1,Booking Created,,2026-08-12 16:00:00
CN-90567,2,Vehicle Allocated,,2026-08-13 07:00:00
CN-90567,3,Picked Up,,2026-08-13 23:00:00
CN-90567,4,In Transit,,2026-08-14 07:00:00
CN-90567,5,At Hub,,2026-08-14 12:00:00
CN-90567,6,Out For Delivery,,2026-08-15 06:00:00
CN-90567,7,Delivered,,2026-08-15 11:00:00
CN-90567,8,POD Uploaded,,2026-08-15 22:00:00
CN-90568,1,Booking Created,,2026-07-23 17:00:00
CN-90568,2,Vehicle Allocated,,2026-07-24 03:00:00
CN-90568,3,Picked Up,,2026-07-24 13:00:00
CN-90568,4,In Transit,,2026-07-25 06:00:00
CN-90568,5,At Hub,,2026-07-26 02:00:00
CN-90568,6,Out For Delivery,,2026-07-26 12:00:00
CN-90568,7,Delivered,,2026-07-27 04:00:00
CN-90568,8,POD Uploaded,,2026-07-27 13:00:00
CN-90569,1,Booking Created,,2026-07-15 15:00:00
CN-90569,2,Vehicle Allocated,,2026-07-15 18:00:00
CN-90569,3,Picked Up,,2026-07-15 23:00:00
CN-90569,4,In Transit,,2026-07-16 14:00:00
CN-90569,5,At Hub,,2026-07-17 05:00:00
CN-90569,6,Out For Delivery,,2026-07-17 20:00:00
CN-90569,7,Delivered,,2026-07-17 23:00:00
CN-90569,8,POD Uploaded,,2026-07-18 06:00:00
CN-90570,1,Booking Created,,2026-08-14 03:00:00
CN-90570,2,Vehicle Allocated,,2026-08-14 22:00:00
CN-90570,3,Picked Up,,2026-08-15 11:00:00
CN-90570,4,In Transit,,2026-08-15 18:00:00
CN-90570,5,At Hub,,2026-08-16 03:00:00
CN-90570,6,Out For Delivery,,2026-08-16 16:00:00
CN-90570,7,Delivered,,2026-08-17
CN-90570,8,POD Uploaded,,2026-08-17 13:00:00
CN-90571,1,Booking Created,,2026-08-27 08:00:00
CN-90571,2,Vehicle Allocated,,2026-08-27 23:00:00
CN-90571,3,Picked Up,,2026-08-28 15:00:00
CN-90572,1,Booking Created,,2026-08-18 05:00:00
CN-90572,2,Vehicle Allocated,,2026-08-18 17:00:00
CN-90572,3,Picked Up,,2026-08-18 21:00:00
CN-90572,4,In Transit,,2026-08-19 02:00:00
CN-90572,5,At Hub,,2026-08-19 17:00:00
CN-90572,6,Out For Delivery,,2026-08-20 02:00:00
CN-90572,7,Delivered,,2026-08-20 14:00:00
CN-90572,8,POD Uploaded,,2026-08-21 05:00:00
CN-90573,1,Booking Created,,2026-08-03 17:00:00
CN-90573,2,Vehicle Allocated,,2026-08-04 07:00:00
CN-90573,3,Picked Up,,2026-08-04 23:00:00
CN-90573,4,In Transit,,2026-08-05 14:00:00
CN-90573,5,At Hub,,2026-08-06 09:00:00
CN-90573,6,Out For Delivery,,2026-08-07 03:00:00
CN-90573,7,Delivered,,2026-08-07 17:00:00
CN-90573,8,POD Uploaded,,2026-08-08 09:00:00
CN-90574,1,Booking Created,,2026-08-08 10:00:00
CN-90574,2,Vehicle Allocated,,2026-08-09 02:00:00
CN-90574,3,Picked Up,,2026-08-09 11:00:00
CN-90574,4,In Transit,,2026-08-09 22:00:00
CN-90574,5,At Hub,,2026-08-10 04:00:00
CN-90574,6,Out For Delivery,,2026-08-10 11:00:00
CN-90574,7,Delivered,,2026-08-11
CN-90574,8,POD Uploaded,,2026-08-11 19:00:00
CN-90575,1,Booking Created,,2026-08-22 05:00:00
CN-90575,2,Vehicle Allocated,,2026-08-22 09:00:00
CN-90575,3,Picked Up,,2026-08-22 21:00:00
CN-90575,4,In Transit,,2026-08-23 13:00:00
CN-90576,1,Booking Created,,2026-07-10 12:00:00
CN-90576,2,Vehicle Allocated,,2026-07-11 04:00:00
CN-90576,3,Picked Up,,2026-07-11 14:00:00
CN-90576,4,In Transit,,2026-07-12 05:00:00
CN-90576,5,At Hub,,2026-07-13 01:00:00
CN-90576,6,Out For Delivery,,2026-07-13 15:00:00
CN-90576,7,Delivered,,2026-07-13 18:00:00
CN-90576,8,POD Uploaded,,2026-07-13 22:00:00
CN-90577,1,Booking Created,,2026-08-20 14:00:00
CN-90577,2,Vehicle Allocated,,2026-08-21 02:00:00
CN-90577,3,Picked Up,,2026-08-21 12:00:00
CN-90577,4,In Transit,,2026-08-21 15:00:00
CN-90577,5,At Hub,,2026-08-21 22:00:00
CN-90578,1,Booking Created,,2026-08-23 04:00:00
CN-90578,2,Vehicle Allocated,,2026-08-23 17:00:00
CN-90578,3,Picked Up,,2026-08-24 06:00:00
CN-90578,4,In Transit,,2026-08-25 01:00:00
CN-90578,5,At Hub,,2026-08-25 10:00:00
CN-90578,6,Out For Delivery,,2026-08-25 23:00:00
CN-90578,7,Delivered,,2026-08-26 05:00:00
CN-90579,1,Booking Created,,2026-07-19 05:00:00
CN-90579,2,Vehicle Allocated,,2026-07-19 15:00:00
CN-90579,3,Picked Up,,2026-07-20 04:00:00
CN-90579,4,In Transit,,2026-07-20 13:00:00
CN-90579,5,At Hub,,2026-07-21 08:00:00
CN-90579,6,Out For Delivery,,2026-07-21 13:00:00
CN-90579,7,Delivered,,2026-07-21 16:00:00
CN-90579,8,POD Uploaded,,2026-07-22 11:00:00
CN-90580,1,Booking Created,,2026-08-15 03:00:00
CN-90580,2,Vehicle Allocated,,2026-08-15 20:00:00
CN-90580,3,Picked Up,,2026-08-16 01:00:00
CN-90580,4,In Transit,,2026-08-16 14:00:00
CN-90580,5,At Hub,,2026-08-16 17:00:00
CN-90580,6,Out For Delivery,,2026-08-16 23:00:00
CN-90580,7,Delivered,,2026-08-17 02:00:00
CN-90580,8,POD Uploaded,,2026-08-17 07:00:00
CN-90581,1,Booking Created,,2026-08-15 05:00:00
CN-90581,2,Vehicle Allocated,,2026-08-15 23:00:00
CN-90581,3,Picked Up,,2026-08-16 13:00:00
CN-90581,4,In Transit,,2026-08-16 21:00:00
CN-90581,5,At Hub,,2026-08-17 02:00:00
CN-90581,6,Out For Delivery,,2026-08-17 07:00:00
CN-90581,7,Delivered,,2026-08-17 17:00:00
CN-90581,8,POD Uploaded,,2026-08-18 06:00:00
CN-90582,1,Booking Created,,2026-08-14 08:00:00
CN-90582,2,Vehicle Allocated,,2026-08-14 14:00:00
CN-90582,3,Picked Up,,2026-08-15 03:00:00
CN-90582,4,In Transit,,2026-08-15 23:00:00
CN-90582,5,At Hub,,2026-08-16 18:00:00
CN-90582,6,Out For Delivery,,2026-08-16 22:00:00
CN-90582,7,Delivered,,2026-08-17 14:00:00
CN-90582,8,POD Uploaded,,2026-08-18
CN-90583,1,Booking Created,,2026-07-23 07:00:00
CN-90583,2,Vehicle Allocated,,2026-07-23 15:00:00
CN-90583,3,Picked Up,,2026-07-24 04:00:00
CN-90583,4,In Transit,,2026-07-24 20:00:00
CN-90583,5,At Hub,,2026-07-25 09:00:00
CN-90583,6,Out For Delivery,,2026-07-25 14:00:00
CN-90583,7,Delivered,,2026-07-25 21:00:00
CN-90583,8,POD Uploaded,,2026-07-26 10:00:00
CN-90584,1,Booking Created,,2026-08-12 16:00:00
CN-90584,2,Vehicle Allocated,,2026-08-13 02:00:00
CN-90584,3,Picked Up,,2026-08-13 14:00:00
CN-90584,4,In Transit,,2026-08-14 08:00:00
CN-90584,5,At Hub,,2026-08-14 18:00:00
CN-90584,6,Out For Delivery,,2026-08-15 12:00:00
CN-90584,7,Delivered,,2026-08-16 03:00:00
CN-90584,8,POD Uploaded,,2026-08-16 14:00:00
CN-90585,1,Booking Created,,2026-08-12 09:00:00
CN-90585,2,Vehicle Allocated,,2026-08-13 02:00:00
CN-90585,3,Picked Up,,2026-08-13 15:00:00
CN-90585,4,In Transit,,2026-08-14 04:00:00
CN-90585,5,At Hub,,2026-08-14 21:00:00
CN-90585,6,Out For Delivery,,2026-08-15 07:00:00
CN-90585,7,Delivered,,2026-08-15 23:00:00
CN-90585,8,POD Uploaded,,2026-08-16 04:00:00
CN-90586,1,Booking Created,,2026-08-29 15:00:00
CN-90586,2,Vehicle Allocated,,2026-08-29 23:00:00
CN-90586,3,Picked Up,,2026-08-30 17:00:00
CN-90586,4,In Transit,,2026-08-31
CN-90587,1,Booking Created,,2026-08-28 08:00:00
CN-90587,2,Vehicle Allocated,,2026-08-28 21:00:00
CN-90587,3,Picked Up,,2026-08-29 14:00:00
CN-90587,4,In Transit,,2026-08-29 17:00:00
CN-90587,5,At Hub,,2026-08-29 22:00:00
CN-90588,1,Booking Created,,2026-08-22 10:00:00
CN-90588,2,Vehicle Allocated,,2026-08-22 13:00:00
CN-90588,3,Picked Up,,2026-08-22 19:00:00
CN-90588,4,In Transit,,2026-08-23 05:00:00
CN-90589,1,Booking Created,,2026-08-17 10:00:00
CN-90589,2,Vehicle Allocated,,2026-08-17 15:00:00
CN-90589,3,Picked Up,,2026-08-18 06:00:00
CN-90589,4,In Transit,,2026-08-18 20:00:00
CN-90589,5,At Hub,,2026-08-19
CN-90589,6,Out For Delivery,,2026-08-19 11:00:00
CN-90589,7,Delivered,,2026-08-20 01:00:00
CN-90589,8,POD Uploaded,,2026-08-20 11:00:00
CN-90590,1,Booking Created,,2026-08-05 19:00:00
CN-90590,2,Vehicle Allocated,,2026-08-05 23:00:00
CN-90590,3,Picked Up,,2026-08-06 05:00:00
CN-90590,4,In Transit,,2026-08-06 19:00:00
CN-90590,5,At Hub,,2026-08-06 23:00:00
CN-90590,6,Out For Delivery,,2026-08-07 11:00:00
CN-90590,7,Delivered,,2026-08-07 18:00:00
CN-90590,8,POD Uploaded,,2026-08-08 12:00:00
CN-90591,1,Booking Created,,2026-08-15 20:00:00
CN-90591,2,Vehicle Allocated,,2026-08-16 06:00:00
CN-90591,3,Picked Up,,2026-08-16 15:00:00
CN-90591,4,In Transit,,2026-08-17 09:00:00
CN-90591,5,At Hub,,2026-08-18 01:00:00
CN-90591,6,Out For Delivery,,2026-08-18 09:00:00
CN-90591,7,Delivered,,2026-08-19 01:00:00
CN-90591,8,POD Uploaded,,2026-08-19 10:00:00
CN-90592,1,Booking Created,,2026-08-12 11:00:00
CN-90592,2,Vehicle Allocated,,2026-08-12 14:00:00
CN-90592,3,Picked Up,,2026-08-13 05:00:00
CN-90592,4,In Transit,,2026-08-13 10:00:00
CN-90592,5,At Hub,,2026-08-14 04:00:00
CN-90592,6,Out For Delivery,,2026-08-14 08:00:00
CN-90592,7,Delivered,,2026-08-14 19:00:00
CN-90592,8,POD Uploaded,,2026-08-15 05:00:00
CN-90593,1,Booking Created,,2026-08-29 11:00:00
CN-90593,2,Vehicle Allocated,,2026-08-30 03:00:00
CN-90593,3,Picked Up,,2026-08-30 23:00:00
CN-90593,4,In Transit,,2026-08-31 18:00:00
CN-90593,5,At Hub,,2026-09-01 11:00:00
CN-90593,6,Out For Delivery,,2026-09-01 22:00:00
CN-90594,1,Booking Created,,2026-07-20 15:00:00
CN-90594,2,Vehicle Allocated,,2026-07-20 18:00:00
CN-90594,3,Picked Up,,2026-07-21 03:00:00
CN-90594,4,In Transit,,2026-07-21 23:00:00
CN-90594,5,At Hub,,2026-07-22 15:00:00
CN-90594,6,Out For Delivery,,2026-07-22 20:00:00
CN-90594,7,Delivered,,2026-07-23
CN-90594,8,POD Uploaded,,2026-07-23 04:00:00
CN-90595,1,Booking Created,,2026-08-16 11:00:00
CN-90595,2,Vehicle Allocated,,2026-08-16 20:00:00
CN-90595,3,Picked Up,,2026-08-17 16:00:00
CN-90595,4,In Transit,,2026-08-17 21:00:00
CN-90595,5,At Hub,,2026-08-18 08:00:00
CN-90595,6,Out For Delivery,,2026-08-19 01:00:00
CN-90595,7,Delivered,,2026-08-19 06:00:00
CN-90595,8,POD Uploaded,,2026-08-20 02:00:00
CN-90596,1,Booking Created,,2026-08-06 14:00:00
CN-90596,2,Vehicle Allocated,,2026-08-07 08:00:00
CN-90596,3,Picked Up,,2026-08-07 23:00:00
CN-90596,4,In Transit,,2026-08-08 12:00:00
CN-90596,5,At Hub,,2026-08-08 17:00:00
CN-90596,6,Out For Delivery,,2026-08-09 10:00:00
CN-90596,7,Delivered,,2026-08-10 06:00:00
CN-90596,8,POD Uploaded,,2026-08-10 10:00:00
CN-90597,1,Booking Created,,2026-08-17 12:00:00
CN-90597,2,Vehicle Allocated,,2026-08-18 06:00:00
CN-90597,3,Picked Up,,2026-08-18 10:00:00
CN-90597,4,In Transit,,2026-08-18 22:00:00
CN-90597,5,At Hub,,2026-08-19 16:00:00
CN-90597,6,Out For Delivery,,2026-08-19 23:00:00
CN-90597,7,Delivered,,2026-08-20 17:00:00
CN-90597,8,POD Uploaded,,2026-08-20 21:00:00
CN-90598,1,Booking Created,,2026-08-16 17:00:00
CN-90598,2,Vehicle Allocated,,2026-08-17 04:00:00
CN-90598,3,Picked Up,,2026-08-17 16:00:00
CN-90598,4,In Transit,,2026-08-17 20:00:00
CN-90598,5,At Hub,,2026-08-18 01:00:00
CN-90598,6,Out For Delivery,,2026-08-18 04:00:00
CN-90598,7,Delivered,,2026-08-18 12:00:00
CN-90598,8,POD Uploaded,,2026-08-19 04:00:00
CN-90599,1,Booking Created,,2026-08-31 11:00:00
CN-90599,2,Vehicle Allocated,,2026-09-01 02:00:00
CN-90599,3,Picked Up,,2026-09-01 12:00:00
CN-90600,1,Booking Created,,2026-07-20 14:00:00
CN-90600,2,Vehicle Allocated,,2026-07-21 09:00:00
CN-90600,3,Picked Up,,2026-07-22 05:00:00
CN-90600,4,In Transit,,2026-07-22 18:00:00
CN-90600,5,At Hub,,2026-07-23 01:00:00
CN-90600,6,Out For Delivery,,2026-07-23 19:00:00
CN-90600,7,Delivered,,2026-07-24 04:00:00
CN-90600,8,POD Uploaded,,2026-07-24 14:00:00
CN-90601,1,Booking Created,,2026-08-24 13:00:00
CN-90601,2,Vehicle Allocated,,2026-08-24 18:00:00
CN-90601,3,Picked Up,,2026-08-25 09:00:00
CN-90601,4,In Transit,,2026-08-25 13:00:00
CN-90601,5,At Hub,,2026-08-26 08:00:00
CN-90601,6,Out For Delivery,,2026-08-27 01:00:00
CN-90601,7,Delivered,,2026-08-27 16:00:00
CN-90601,8,POD Uploaded,,2026-08-27 20:00:00
CN-90602,1,Booking Created,,2026-08-21 11:00:00
CN-90602,2,Vehicle Allocated,,2026-08-22 03:00:00
CN-90602,3,Picked Up,,2026-08-22 21:00:00
CN-90602,4,In Transit,,2026-08-23 12:00:00
CN-90602,5,At Hub,,2026-08-24
CN-90602,6,Out For Delivery,,2026-08-24 11:00:00
CN-90602,7,Delivered,,2026-08-24 23:00:00
CN-90602,8,POD Uploaded,,2026-08-25 07:00:00
CN-90603,1,Booking Created,,2026-07-08 11:00:00
CN-90603,2,Vehicle Allocated,,2026-07-09 06:00:00
CN-90603,3,Picked Up,,2026-07-09 12:00:00
CN-90603,4,In Transit,,2026-07-10 06:00:00
CN-90603,5,At Hub,,2026-07-10 21:00:00
CN-90603,6,Out For Delivery,,2026-07-11 14:00:00
CN-90603,7,Delivered,,2026-07-12 02:00:00
CN-90603,8,POD Uploaded,,2026-07-12 09:00:00
CN-90604,1,Booking Created,,2026-08-19 10:00:00
CN-90604,2,Vehicle Allocated,,2026-08-19 21:00:00
CN-90604,3,Picked Up,,2026-08-20
CN-90604,4,In Transit,,2026-08-20 07:00:00
CN-90604,5,At Hub,,2026-08-20 14:00:00
CN-90604,6,Out For Delivery,,2026-08-21 08:00:00
CN-90604,7,Delivered,,2026-08-21 21:00:00
CN-90604,8,POD Uploaded,,2026-08-22
CN-90605,1,Booking Created,,2026-08-11 07:00:00
CN-90605,2,Vehicle Allocated,,2026-08-11 16:00:00
CN-90605,3,Picked Up,,2026-08-12
CN-90605,4,In Transit,,2026-08-12 12:00:00
CN-90605,5,At Hub,,2026-08-13 01:00:00
CN-90605,6,Out For Delivery,,2026-08-13 15:00:00
CN-90605,7,Delivered,,2026-08-13 18:00:00
CN-90605,8,POD Uploaded,,2026-08-14 03:00:00
CN-90606,1,Booking Created,,2026-07-18 07:00:00
CN-90606,2,Vehicle Allocated,,2026-07-19 02:00:00
CN-90606,3,Picked Up,,2026-07-19 16:00:00
CN-90606,4,In Transit,,2026-07-20 10:00:00
CN-90606,5,At Hub,,2026-07-20 14:00:00
CN-90606,6,Out For Delivery,,2026-07-21 09:00:00
CN-90606,7,Delivered,,2026-07-21 13:00:00
CN-90606,8,POD Uploaded,,2026-07-21 17:00:00
CN-90607,1,Booking Created,,2026-07-18 07:00:00
CN-90607,2,Vehicle Allocated,,2026-07-18 12:00:00
CN-90607,3,Picked Up,,2026-07-19 06:00:00
CN-90607,4,In Transit,,2026-07-19 22:00:00
CN-90607,5,At Hub,,2026-07-20 04:00:00
CN-90607,6,Out For Delivery,,2026-07-20 18:00:00
CN-90607,7,Delivered,,2026-07-21 11:00:00
CN-90607,8,POD Uploaded,,2026-07-21 19:00:00
CN-90608,1,Booking Created,,2026-07-14 05:00:00
CN-90608,2,Vehicle Allocated,,2026-07-14 17:00:00
CN-90608,3,Picked Up,,2026-07-15 05:00:00
CN-90608,4,In Transit,,2026-07-16 01:00:00
CN-90608,5,At Hub,,2026-07-16 20:00:00
CN-90608,6,Out For Delivery,,2026-07-17 11:00:00
CN-90608,7,Delivered,,2026-07-18 06:00:00
CN-90608,8,POD Uploaded,,2026-07-18 22:00:00
CN-90609,1,Booking Created,,2026-07-05 12:00:00
CN-90609,2,Vehicle Allocated,,2026-07-05 19:00:00
CN-90609,3,Picked Up,,2026-07-06 15:00:00
CN-90609,4,In Transit,,2026-07-07 10:00:00
CN-90609,5,At Hub,,2026-07-07 21:00:00
CN-90609,6,Out For Delivery,,2026-07-08 07:00:00
CN-90609,7,Delivered,,2026-07-08 19:00:00
CN-90609,8,POD Uploaded,,2026-07-09
CN-90610,1,Booking Created,,2026-07-31 15:00:00
CN-90610,2,Vehicle Allocated,,2026-08-01 03:00:00
CN-90610,3,Picked Up,,2026-08-01 21:00:00
CN-90610,4,In Transit,,2026-08-02 03:00:00
CN-90610,5,At Hub,,2026-08-02 16:00:00
CN-90610,6,Out For Delivery,,2026-08-03 02:00:00
CN-90610,7,Delivered,,2026-08-03 08:00:00
CN-90610,8,POD Uploaded,,2026-08-03 22:00:00
CN-90611,1,Booking Created,,2026-08-19 06:00:00
CN-90611,2,Vehicle Allocated,,2026-08-19 21:00:00
CN-90611,3,Picked Up,,2026-08-20
CN-90611,4,In Transit,,2026-08-20 12:00:00
CN-90611,5,At Hub,,2026-08-20 21:00:00
CN-90611,6,Out For Delivery,,2026-08-21 07:00:00
CN-90611,7,Delivered,,2026-08-21 11:00:00
CN-90611,8,POD Uploaded,,2026-08-22
CN-90612,1,Booking Created,,2026-08-04 06:00:00
CN-90612,2,Vehicle Allocated,,2026-08-04 10:00:00
CN-90612,3,Picked Up,,2026-08-04 21:00:00
CN-90612,4,In Transit,,2026-08-05 09:00:00
CN-90612,5,At Hub,,2026-08-06
CN-90612,6,Out For Delivery,,2026-08-06 11:00:00
CN-90612,7,Delivered,,2026-08-06 19:00:00
CN-90612,8,POD Uploaded,,2026-08-07 02:00:00
CN-90613,1,Booking Created,,2026-07-31 07:00:00
CN-90613,2,Vehicle Allocated,,2026-07-31 18:00:00
CN-90613,3,Picked Up,,2026-08-01 08:00:00
CN-90613,4,In Transit,,2026-08-02
CN-90613,5,At Hub,,2026-08-02 14:00:00
CN-90613,6,Out For Delivery,,2026-08-03 04:00:00
CN-90613,7,Delivered,,2026-08-03 22:00:00
CN-90613,8,POD Uploaded,,2026-08-04 06:00:00
CN-90614,1,Booking Created,,2026-08-13 14:00:00
CN-90614,2,Vehicle Allocated,,2026-08-14 07:00:00
CN-90614,3,Picked Up,,2026-08-15 02:00:00
CN-90614,4,In Transit,,2026-08-15 17:00:00
CN-90614,5,At Hub,,2026-08-15 22:00:00
CN-90614,6,Out For Delivery,,2026-08-16 16:00:00
CN-90614,7,Delivered,,2026-08-17 06:00:00
CN-90614,8,POD Uploaded,,2026-08-17 20:00:00
CN-90615,1,Booking Created,,2026-07-10 20:00:00
CN-90615,2,Vehicle Allocated,,2026-07-11 10:00:00
CN-90615,3,Picked Up,,2026-07-12
CN-90615,4,In Transit,,2026-07-12 16:00:00
CN-90615,5,At Hub,,2026-07-12 19:00:00
CN-90615,6,Out For Delivery,,2026-07-13 13:00:00
CN-90615,7,Delivered,,2026-07-13 21:00:00
CN-90615,8,POD Uploaded,,2026-07-14 11:00:00
CN-90616,1,Booking Created,,2026-08-08 08:00:00
CN-90616,2,Vehicle Allocated,,2026-08-08 21:00:00
CN-90616,3,Picked Up,,2026-08-09 15:00:00
CN-90616,4,In Transit,,2026-08-10 09:00:00
CN-90616,5,At Hub,,2026-08-11 04:00:00
CN-90616,6,Out For Delivery,,2026-08-11 08:00:00
CN-90616,7,Delivered,,2026-08-11 12:00:00
CN-90616,8,POD Uploaded,,2026-08-12 01:00:00
CN-90617,1,Booking Created,,2026-07-05 05:00:00
CN-90617,2,Vehicle Allocated,,2026-07-05 14:00:00
CN-90617,3,Picked Up,,2026-07-05 17:00:00
CN-90617,4,In Transit,,2026-07-05 20:00:00
CN-90617,5,At Hub,,2026-07-06 07:00:00
CN-90617,6,Out For Delivery,,2026-07-06 20:00:00
CN-90617,7,Delivered,,2026-07-07 07:00:00
CN-90617,8,POD Uploaded,,2026-07-07 19:00:00
CN-90618,1,Booking Created,,2026-08-21 07:00:00
CN-90618,2,Vehicle Allocated,,2026-08-21 19:00:00
CN-90618,3,Picked Up,,2026-08-22 04:00:00
CN-90618,4,In Transit,,2026-08-22 18:00:00
CN-90618,5,At Hub,,2026-08-23 11:00:00
CN-90618,6,Out For Delivery,,2026-08-24 03:00:00
CN-90619,1,Booking Created,,2026-08-25 16:00:00
CN-90619,2,Vehicle Allocated,,2026-08-26 03:00:00
CN-90619,3,Picked Up,,2026-08-26 07:00:00
CN-90619,4,In Transit,,2026-08-26 17:00:00
CN-90619,5,At Hub,,2026-08-27 06:00:00
CN-90619,6,Out For Delivery,,2026-08-27 09:00:00
CN-90620,1,Booking Created,,2026-07-13 14:00:00
CN-90620,2,Vehicle Allocated,,2026-07-14 05:00:00
CN-90620,3,Picked Up,,2026-07-15 01:00:00
CN-90620,4,In Transit,,2026-07-15 21:00:00
CN-90620,5,At Hub,,2026-07-16 12:00:00
CN-90620,6,Out For Delivery,,2026-07-16 21:00:00
CN-90620,7,Delivered,,2026-07-17 02:00:00
CN-90620,8,POD Uploaded,,2026-07-17 11:00:00
CN-90621,1,Booking Created,,2026-07-26 05:00:00
CN-90621,2,Vehicle Allocated,,2026-07-26 13:00:00
CN-90621,3,Picked Up,,2026-07-26 18:00:00
CN-90621,4,In Transit,,2026-07-27 05:00:00
CN-90621,5,At Hub,,2026-07-27 18:00:00
CN-90621,6,Out For Delivery,,2026-07-28 10:00:00
CN-90621,7,Delivered,,2026-07-28 21:00:00
CN-90621,8,POD Uploaded,,2026-07-29 12:00:00
CN-90622,1,Booking Created,,2026-08-27 04:00:00
CN-90622,2,Vehicle Allocated,,2026-08-27 12:00:00
CN-90622,3,Picked Up,,2026-08-28 03:00:00
CN-90623,1,Booking Created,,2026-08-21 06:00:00
CN-90623,2,Vehicle Allocated,,2026-08-21 21:00:00
CN-90623,3,Picked Up,,2026-08-22 17:00:00
CN-90623,4,In Transit,,2026-08-23
CN-90624,1,Booking Created,,2026-08-23 12:00:00
CN-90624,2,Vehicle Allocated,,2026-08-23 21:00:00
CN-90624,3,Picked Up,,2026-08-24 02:00:00
CN-90624,4,In Transit,,2026-08-24 12:00:00
CN-90624,5,At Hub,,2026-08-24 17:00:00
CN-90624,6,Out For Delivery,,2026-08-24 23:00:00
CN-90624,7,Delivered,,2026-08-25 11:00:00
CN-90624,8,POD Uploaded,,2026-08-25 14:00:00
CN-90625,1,Booking Created,,2026-08-14 17:00:00
CN-90625,2,Vehicle Allocated,,2026-08-15 02:00:00
CN-90625,3,Picked Up,,2026-08-15 07:00:00
CN-90625,4,In Transit,,2026-08-16
CN-90625,5,At Hub,,2026-08-16 20:00:00
CN-90625,6,Out For Delivery,,2026-08-17 06:00:00
CN-90625,7,Delivered,,2026-08-17 23:00:00
CN-90625,8,POD Uploaded,,2026-08-18 16:00:00
CN-90626,1,Booking Created,,2026-08-20 11:00:00
CN-90626,2,Vehicle Allocated,,2026-08-21 05:00:00
CN-90626,3,Picked Up,,2026-08-21 10:00:00
CN-90626,4,In Transit,,2026-08-21 21:00:00
CN-90626,5,At Hub,,2026-08-22 16:00:00
CN-90626,6,Out For Delivery,,2026-08-23 07:00:00
CN-90626,7,Delivered,,2026-08-23 13:00:00
CN-90626,8,POD Uploaded,,2026-08-23 22:00:00
CN-90627,1,Booking Created,,2026-08-08 19:00:00
CN-90627,2,Vehicle Allocated,,2026-08-09 03:00:00
CN-90627,3,Picked Up,,2026-08-09 16:00:00
CN-90627,4,In Transit,,2026-08-10 04:00:00
CN-90627,5,At Hub,,2026-08-10 17:00:00
CN-90627,6,Out For Delivery,,2026-08-11 06:00:00
CN-90627,7,Delivered,,2026-08-11 20:00:00
CN-90627,8,POD Uploaded,,2026-08-12 03:00:00
CN-90628,1,Booking Created,,2026-08-27 04:00:00
CN-90628,2,Vehicle Allocated,,2026-08-27 20:00:00
CN-90628,3,Picked Up,,2026-08-28 07:00:00
CN-90629,1,Booking Created,,2026-08-17 10:00:00
CN-90629,2,Vehicle Allocated,,2026-08-17 22:00:00
CN-90629,3,Picked Up,,2026-08-18 08:00:00
CN-90629,4,In Transit,,2026-08-18 20:00:00
CN-90629,5,At Hub,,2026-08-19 09:00:00
CN-90629,6,Out For Delivery,,2026-08-19 19:00:00
CN-90629,7,Delivered,,2026-08-20 11:00:00
CN-90629,8,POD Uploaded,,2026-08-20 15:00:00
CN-90630,1,Booking Created,,2026-08-31 11:00:00
CN-90630,2,Vehicle Allocated,,2026-08-31 18:00:00
CN-90630,3,Picked Up,,2026-09-01 03:00:00
CN-90631,1,Booking Created,,2026-08-25 11:00:00
CN-90631,2,Vehicle Allocated,,2026-08-26 04:00:00
CN-90631,3,Picked Up,,2026-08-26 09:00:00
CN-90631,4,In Transit,,2026-08-26 18:00:00
CN-90631,5,At Hub,,2026-08-27 11:00:00
CN-90631,6,Out For Delivery,,2026-08-28 06:00:00
CN-90631,7,Delivered,,2026-08-28 19:00:00
CN-90631,8,POD Uploaded,,2026-08-28 23:00:00
CN-90632,1,Booking Created,,2026-08-02 19:00:00
CN-90632,2,Vehicle Allocated,,2026-08-03 07:00:00
CN-90632,3,Picked Up,,2026-08-03 15:00:00
CN-90632,4,In Transit,,2026-08-03 21:00:00
CN-90632,5,At Hub,,2026-08-04 04:00:00
CN-90632,6,Out For Delivery,,2026-08-04 09:00:00
CN-90632,7,Delivered,,2026-08-05 01:00:00
CN-90632,8,POD Uploaded,,2026-08-05 13:00:00
CN-90633,1,Booking Created,,2026-08-07 08:00:00
CN-90633,2,Vehicle Allocated,,2026-08-07 13:00:00
CN-90633,3,Picked Up,,2026-08-07 19:00:00
CN-90633,4,In Transit,,2026-08-08
CN-90633,5,At Hub,,2026-08-08 16:00:00
CN-90633,6,Out For Delivery,,2026-08-08 22:00:00
CN-90633,7,Delivered,,2026-08-09 17:00:00
CN-90633,8,POD Uploaded,,2026-08-09 20:00:00
CN-90634,1,Booking Created,,2026-08-21 13:00:00
CN-90634,2,Vehicle Allocated,,2026-08-21 18:00:00
CN-90634,3,Picked Up,,2026-08-21 21:00:00
CN-90634,4,In Transit,,2026-08-22 03:00:00
CN-90634,5,At Hub,,2026-08-22 09:00:00
CN-90634,6,Out For Delivery,,2026-08-22 12:00:00
CN-90635,1,Booking Created,,2026-07-09 12:00:00
CN-90635,2,Vehicle Allocated,,2026-07-09 20:00:00
CN-90635,3,Picked Up,,2026-07-10
CN-90635,4,In Transit,,2026-07-10 05:00:00
CN-90635,5,At Hub,,2026-07-10 23:00:00
CN-90635,6,Out For Delivery,,2026-07-11 11:00:00
CN-90635,7,Delivered,,2026-07-12
CN-90635,8,POD Uploaded,,2026-07-12 17:00:00
CN-90636,1,Booking Created,,2026-07-28 17:00:00
CN-90636,2,Vehicle Allocated,,2026-07-29 13:00:00
CN-90636,3,Picked Up,,2026-07-30 08:00:00
CN-90636,4,In Transit,,2026-07-30 18:00:00
CN-90636,5,At Hub,,2026-07-31 14:00:00
CN-90636,6,Out For Delivery,,2026-08-01 01:00:00
CN-90636,7,Delivered,,2026-08-01 05:00:00
CN-90636,8,POD Uploaded,,2026-08-02 01:00:00
CN-90637,1,Booking Created,,2026-08-14 15:00:00
CN-90637,2,Vehicle Allocated,,2026-08-15 10:00:00
CN-90637,3,Picked Up,,2026-08-16 02:00:00
CN-90637,4,In Transit,,2026-08-16 15:00:00
CN-90637,5,At Hub,,2026-08-17 05:00:00
CN-90637,6,Out For Delivery,,2026-08-17 10:00:00
CN-90637,7,Delivered,,2026-08-18 05:00:00
CN-90637,8,POD Uploaded,,2026-08-18 19:00:00
CN-90638,1,Booking Created,,2026-07-25 08:00:00
CN-90638,2,Vehicle Allocated,,2026-07-25 21:00:00
CN-90638,3,Picked Up,,2026-07-26 07:00:00
CN-90638,4,In Transit,,2026-07-26 21:00:00
CN-90638,5,At Hub,,2026-07-27 04:00:00
CN-90638,6,Out For Delivery,,2026-07-27 10:00:00
CN-90638,7,Delivered,,2026-07-28 01:00:00
CN-90638,8,POD Uploaded,,2026-07-28 18:00:00
CN-90639,1,Booking Created,,2026-08-05 12:00:00
CN-90639,2,Vehicle Allocated,,2026-08-06
CN-90639,3,Picked Up,,2026-08-06 20:00:00
CN-90639,4,In Transit,,2026-08-07 08:00:00
CN-90639,5,At Hub,,2026-08-07 22:00:00
CN-90639,6,Out For Delivery,,2026-08-08 08:00:00
CN-90639,7,Delivered,,2026-08-08 23:00:00
CN-90639,8,POD Uploaded,,2026-08-09 06:00:00
CN-90640,1,Booking Created,,2026-08-13 06:00:00
CN-90640,2,Vehicle Allocated,,2026-08-13 12:00:00
CN-90640,3,Picked Up,,2026-08-14 04:00:00
CN-90640,4,In Transit,,2026-08-14 10:00:00
CN-90640,5,At Hub,,2026-08-15
CN-90640,6,Out For Delivery,,2026-08-15 11:00:00
CN-90640,7,Delivered,,2026-08-16 05:00:00
CN-90640,8,POD Uploaded,,2026-08-16 23:00:00
CN-90641,1,Booking Created,,2026-08-16 17:00:00
CN-90641,2,Vehicle Allocated,,2026-08-16 23:00:00
CN-90641,3,Picked Up,,2026-08-17 12:00:00
CN-90641,4,In Transit,,2026-08-17 17:00:00
CN-90641,5,At Hub,,2026-08-18 02:00:00
CN-90641,6,Out For Delivery,,2026-08-18 11:00:00
CN-90641,7,Delivered,,2026-08-18 16:00:00
CN-90641,8,POD Uploaded,,2026-08-19 03:00:00
CN-90642,1,Booking Created,,2026-08-05 12:00:00
CN-90642,2,Vehicle Allocated,,2026-08-06 03:00:00
CN-90642,3,Picked Up,,2026-08-06 18:00:00
CN-90642,4,In Transit,,2026-08-07 10:00:00
CN-90642,5,At Hub,,2026-08-07 23:00:00
CN-90642,6,Out For Delivery,,2026-08-08 18:00:00
CN-90642,7,Delivered,,2026-08-09 06:00:00
CN-90642,8,POD Uploaded,,2026-08-09 12:00:00
CN-90643,1,Booking Created,,2026-08-08 04:00:00
CN-90643,2,Vehicle Allocated,,2026-08-08 07:00:00
CN-90643,3,Picked Up,,2026-08-08 11:00:00
CN-90643,4,In Transit,,2026-08-09 01:00:00
CN-90643,5,At Hub,,2026-08-09 12:00:00
CN-90643,6,Out For Delivery,,2026-08-10
CN-90643,7,Delivered,,2026-08-10 07:00:00
CN-90643,8,POD Uploaded,,2026-08-10 21:00:00
CN-90644,1,Booking Created,,2026-07-04 09:00:00
CN-90644,2,Vehicle Allocated,,2026-07-04 14:00:00
CN-90644,3,Picked Up,,2026-07-05 04:00:00
CN-90644,4,In Transit,,2026-07-05 21:00:00
CN-90644,5,At Hub,,2026-07-06 15:00:00
CN-90644,6,Out For Delivery,,2026-07-07 08:00:00
CN-90644,7,Delivered,,2026-07-07 11:00:00
CN-90644,8,POD Uploaded,,2026-07-08 02:00:00
CN-90645,1,Booking Created,,2026-08-19 09:00:00
CN-90645,2,Vehicle Allocated,,2026-08-19 22:00:00
CN-90645,3,Picked Up,,2026-08-20 15:00:00
CN-90645,4,In Transit,,2026-08-21 08:00:00
CN-90645,5,At Hub,,2026-08-21 19:00:00
CN-90645,6,Out For Delivery,,2026-08-22 05:00:00
CN-90645,7,Delivered,,2026-08-22 23:00:00
CN-90645,8,POD Uploaded,,2026-08-23 08:00:00
CN-90646,1,Booking Created,,2026-08-28 06:00:00
CN-90646,2,Vehicle Allocated,,2026-08-28 14:00:00
CN-90646,3,Picked Up,,2026-08-28 23:00:00
CN-90647,1,Booking Created,,2026-08-08 14:00:00
CN-90647,2,Vehicle Allocated,,2026-08-08 19:00:00
CN-90647,3,Picked Up,,2026-08-09 13:00:00
CN-90647,4,In Transit,,2026-08-10 06:00:00
CN-90647,5,At Hub,,2026-08-10 13:00:00
CN-90647,6,Out For Delivery,,2026-08-11 03:00:00
CN-90647,7,Delivered,,2026-08-11 20:00:00
CN-90647,8,POD Uploaded,,2026-08-12 16:00:00
CN-90648,1,Booking Created,,2026-08-21 13:00:00
CN-90648,2,Vehicle Allocated,,2026-08-21 16:00:00
CN-90648,3,Picked Up,,2026-08-21 23:00:00
CN-90648,4,In Transit,,2026-08-22 12:00:00
CN-90648,5,At Hub,,2026-08-23 02:00:00
CN-90648,6,Out For Delivery,,2026-08-23 13:00:00
CN-90648,7,Delivered,,2026-08-24 05:00:00
CN-90649,1,Booking Created,,2026-07-28 09:00:00
CN-90649,2,Vehicle Allocated,,2026-07-29 04:00:00
CN-90649,3,Picked Up,,2026-07-29 19:00:00
CN-90649,4,In Transit,,2026-07-30 03:00:00
CN-90649,5,At Hub,,2026-07-30 06:00:00
CN-90649,6,Out For Delivery,,2026-07-31 01:00:00
CN-90649,7,Delivered,,2026-07-31 17:00:00
CN-90649,8,POD Uploaded,,2026-07-31 23:00:00
CN-90650,1,Booking Created,,2026-08-17 16:00:00
CN-90650,2,Vehicle Allocated,,2026-08-17 19:00:00
CN-90650,3,Picked Up,,2026-08-17 22:00:00
CN-90650,4,In Transit,,2026-08-18 08:00:00
CN-90650,5,At Hub,,2026-08-18 19:00:00
CN-90650,6,Out For Delivery,,2026-08-19 01:00:00
CN-90650,7,Delivered,,2026-08-19 06:00:00
CN-90650,8,POD Uploaded,,2026-08-19 14:00:00
CN-90651,1,Booking Created,,2026-08-14 18:00:00
CN-90651,2,Vehicle Allocated,,2026-08-15 03:00:00
CN-90651,3,Picked Up,,2026-08-15 18:00:00
CN-90651,4,In Transit,,2026-08-15 22:00:00
CN-90651,5,At Hub,,2026-08-16 04:00:00
CN-90651,6,Out For Delivery,,2026-08-16 09:00:00
CN-90651,7,Delivered,,2026-08-16 12:00:00
CN-90651,8,POD Uploaded,,2026-08-17 03:00:00
CN-90652,1,Booking Created,,2026-07-28 13:00:00
CN-90652,2,Vehicle Allocated,,2026-07-29 04:00:00
CN-90652,3,Picked Up,,2026-07-29 23:00:00
CN-90652,4,In Transit,,2026-07-30 15:00:00
CN-90652,5,At Hub,,2026-07-31 03:00:00
CN-90652,6,Out For Delivery,,2026-07-31 16:00:00
CN-90652,7,Delivered,,2026-08-01
CN-90652,8,POD Uploaded,,2026-08-01 09:00:00
CN-90653,1,Booking Created,,2026-07-14 04:00:00
CN-90653,2,Vehicle Allocated,,2026-07-14 09:00:00
CN-90653,3,Picked Up,,2026-07-14 13:00:00
CN-90653,4,In Transit,,2026-07-15 04:00:00
CN-90653,5,At Hub,,2026-07-15 18:00:00
CN-90653,6,Out For Delivery,,2026-07-16 14:00:00
CN-90653,7,Delivered,,2026-07-16 21:00:00
CN-90653,8,POD Uploaded,,2026-07-17 06:00:00
CN-90654,1,Booking Created,,2026-07-13 15:00:00
CN-90654,2,Vehicle Allocated,,2026-07-14 08:00:00
CN-90654,3,Picked Up,,2026-07-15
CN-90654,4,In Transit,,2026-07-15 03:00:00
CN-90654,5,At Hub,,2026-07-15 20:00:00
CN-90654,6,Out For Delivery,,2026-07-15 23:00:00
CN-90654,7,Delivered,,2026-07-16 04:00:00
CN-90654,8,POD Uploaded,,2026-07-16 15:00:00
CN-90655,1,Booking Created,,2026-07-18 16:00:00
CN-90655,2,Vehicle Allocated,,2026-07-19 05:00:00
CN-90655,3,Picked Up,,2026-07-19 11:00:00
CN-90655,4,In Transit,,2026-07-20 04:00:00
CN-90655,5,At Hub,,2026-07-20 14:00:00
CN-90655,6,Out For Delivery,,2026-07-20 19:00:00
CN-90655,7,Delivered,,2026-07-20 22:00:00
CN-90655,8,POD Uploaded,,2026-07-21 15:00:00
CN-90656,1,Booking Created,,2026-08-04 19:00:00
CN-90656,2,Vehicle Allocated,,2026-08-05 08:00:00
CN-90656,3,Picked Up,,2026-08-06
CN-90656,4,In Transit,,2026-08-06 17:00:00
CN-90656,5,At Hub,,2026-08-06 20:00:00
CN-90656,6,Out For Delivery,,2026-08-07 06:00:00
CN-90656,7,Delivered,,2026-08-07 14:00:00
CN-90656,8,POD Uploaded,,2026-08-07 19:00:00
CN-90657,1,Booking Created,,2026-07-17 15:00:00
CN-90657,2,Vehicle Allocated,,2026-07-18 07:00:00
CN-90657,3,Picked Up,,2026-07-18 12:00:00
CN-90657,4,In Transit,,2026-07-19 01:00:00
CN-90657,5,At Hub,,2026-07-19 05:00:00
CN-90657,6,Out For Delivery,,2026-07-19 23:00:00
CN-90657,7,Delivered,,2026-07-20 02:00:00
CN-90657,8,POD Uploaded,,2026-07-20 10:00:00
CN-90658,1,Booking Created,,2026-07-28 09:00:00
CN-90658,2,Vehicle Allocated,,2026-07-29 05:00:00
CN-90658,3,Picked Up,,2026-07-29 16:00:00
CN-90658,4,In Transit,,2026-07-30 12:00:00
CN-90658,5,At Hub,,2026-07-31 01:00:00
CN-90658,6,Out For Delivery,,2026-07-31 17:00:00
CN-90658,7,Delivered,,2026-08-01 02:00:00
CN-90658,8,POD Uploaded,,2026-08-01 07:00:00
CN-90659,1,Booking Created,,2026-08-10 03:00:00
CN-90659,2,Vehicle Allocated,,2026-08-10 21:00:00
CN-90659,3,Picked Up,,2026-08-11 17:00:00
CN-90659,4,In Transit,,2026-08-12 01:00:00
CN-90659,5,At Hub,,2026-08-12 18:00:00
CN-90659,6,Out For Delivery,,2026-08-13 14:00:00
CN-90659,7,Delivered,,2026-08-13 19:00:00
CN-90659,8,POD Uploaded,,2026-08-14 06:00:00
CN-90660,1,Booking Created,,2026-07-26 14:00:00
CN-90660,2,Vehicle Allocated,,2026-07-27 10:00:00
CN-90660,3,Picked Up,,2026-07-27 21:00:00
CN-90660,4,In Transit,,2026-07-28 10:00:00
CN-90660,5,At Hub,,2026-07-28 18:00:00
CN-90660,6,Out For Delivery,,2026-07-29 09:00:00
CN-90660,7,Delivered,,2026-07-29 16:00:00
CN-90660,8,POD Uploaded,,2026-07-30
CN-90661,1,Booking Created,,2026-08-29 17:00:00
CN-90661,2,Vehicle Allocated,,2026-08-30 04:00:00
CN-90661,3,Picked Up,,2026-08-30 14:00:00
CN-90661,4,In Transit,,2026-08-31 03:00:00
CN-90662,1,Booking Created,,2026-08-26 19:00:00
CN-90662,2,Vehicle Allocated,,2026-08-27 14:00:00
CN-90662,3,Picked Up,,2026-08-28 07:00:00
CN-90662,4,In Transit,,2026-08-29 02:00:00
CN-90663,1,Booking Created,,2026-08-19 05:00:00
CN-90663,2,Vehicle Allocated,,2026-08-19 19:00:00
CN-90663,3,Picked Up,,2026-08-20 04:00:00
CN-90663,4,In Transit,,2026-08-20 11:00:00
CN-90663,5,At Hub,,2026-08-21 01:00:00
CN-90663,6,Out For Delivery,,2026-08-21 12:00:00
CN-90663,7,Delivered,,2026-08-21 17:00:00
CN-90663,8,POD Uploaded,,2026-08-21 23:00:00
CN-90664,1,Booking Created,,2026-07-14 12:00:00
CN-90664,2,Vehicle Allocated,,2026-07-15 01:00:00
CN-90664,3,Picked Up,,2026-07-15 19:00:00
CN-90664,4,In Transit,,2026-07-16 06:00:00
CN-90664,5,At Hub,,2026-07-16 10:00:00
CN-90664,6,Out For Delivery,,2026-07-16 23:00:00
CN-90664,7,Delivered,,2026-07-17 10:00:00
CN-90664,8,POD Uploaded,,2026-07-17 15:00:00
CN-90665,1,Booking Created,,2026-08-25 09:00:00
CN-90665,2,Vehicle Allocated,,2026-08-26 04:00:00
CN-90665,3,Picked Up,,2026-08-26 20:00:00
CN-90665,4,In Transit,,2026-08-27 09:00:00
CN-90665,5,At Hub,,2026-08-28 05:00:00
CN-90665,6,Out For Delivery,,2026-08-29 01:00:00
CN-90665,7,Delivered,,2026-08-29 08:00:00
CN-90665,8,POD Uploaded,,2026-08-29 22:00:00
CN-90666,1,Booking Created,,2026-08-16 17:00:00
CN-90666,2,Vehicle Allocated,,2026-08-17 01:00:00
CN-90666,3,Picked Up,,2026-08-17 12:00:00
CN-90666,4,In Transit,,2026-08-17 19:00:00
CN-90666,5,At Hub,,2026-08-18 03:00:00
CN-90666,6,Out For Delivery,,2026-08-18 08:00:00
CN-90666,7,Delivered,,2026-08-18 17:00:00
CN-90666,8,POD Uploaded,,2026-08-18 21:00:00
CN-90667,1,Booking Created,,2026-08-07 08:00:00
CN-90667,2,Vehicle Allocated,,2026-08-07 15:00:00
CN-90667,3,Picked Up,,2026-08-08 05:00:00
CN-90667,4,In Transit,,2026-08-08 16:00:00
CN-90667,5,At Hub,,2026-08-08 21:00:00
CN-90667,6,Out For Delivery,,2026-08-09 11:00:00
CN-90667,7,Delivered,,2026-08-09 14:00:00
CN-90667,8,POD Uploaded,,2026-08-10 04:00:00
CN-90668,1,Booking Created,,2026-08-05 17:00:00
CN-90668,2,Vehicle Allocated,,2026-08-05 22:00:00
CN-90668,3,Picked Up,,2026-08-06 03:00:00
CN-90668,4,In Transit,,2026-08-06 12:00:00
CN-90668,5,At Hub,,2026-08-07 07:00:00
CN-90668,6,Out For Delivery,,2026-08-08 02:00:00
CN-90668,7,Delivered,,2026-08-08 13:00:00
CN-90668,8,POD Uploaded,,2026-08-08 21:00:00
CN-90669,1,Booking Created,,2026-08-10 20:00:00
CN-90669,2,Vehicle Allocated,,2026-08-11 05:00:00
CN-90669,3,Picked Up,,2026-08-11 18:00:00
CN-90669,4,In Transit,,2026-08-12 01:00:00
CN-90669,5,At Hub,,2026-08-12 04:00:00
CN-90669,6,Out For Delivery,,2026-08-12 16:00:00
CN-90669,7,Delivered,,2026-08-12 20:00:00
CN-90669,8,POD Uploaded,,2026-08-13 01:00:00
CN-90670,1,Booking Created,,2026-08-14 10:00:00
CN-90670,2,Vehicle Allocated,,2026-08-14 16:00:00
CN-90670,3,Picked Up,,2026-08-15 06:00:00
CN-90670,4,In Transit,,2026-08-15 12:00:00
CN-90670,5,At Hub,,2026-08-15 18:00:00
CN-90670,6,Out For Delivery,,2026-08-16 09:00:00
CN-90670,7,Delivered,,2026-08-16 15:00:00
CN-90670,8,POD Uploaded,,2026-08-17 06:00:00
CN-90671,1,Booking Created,,2026-08-03 14:00:00
CN-90671,2,Vehicle Allocated,,2026-08-03 22:00:00
CN-90671,3,Picked Up,,2026-08-04 01:00:00
CN-90671,4,In Transit,,2026-08-04 04:00:00
CN-90671,5,At Hub,,2026-08-04 14:00:00
CN-90671,6,Out For Delivery,,2026-08-05 09:00:00
CN-90671,7,Delivered,,2026-08-05 13:00:00
CN-90671,8,POD Uploaded,,2026-08-06
CN-90672,1,Booking Created,,2026-08-23 20:00:00
CN-90672,2,Vehicle Allocated,,2026-08-24 10:00:00
CN-90672,3,Picked Up,,2026-08-25 02:00:00
CN-90672,4,In Transit,,2026-08-25 21:00:00
CN-90672,5,At Hub,,2026-08-26 05:00:00
CN-90672,6,Out For Delivery,,2026-08-26 23:00:00
CN-90672,7,Delivered,,2026-08-27 14:00:00
CN-90673,1,Booking Created,,2026-08-21 10:00:00
CN-90673,2,Vehicle Allocated,,2026-08-22 02:00:00
CN-90673,3,Picked Up,,2026-08-22 06:00:00
CN-90673,4,In Transit,,2026-08-22 12:00:00
CN-90673,5,At Hub,,2026-08-22 21:00:00
CN-90673,6,Out For Delivery,,2026-08-23 06:00:00
CN-90673,7,Delivered,,2026-08-24 02:00:00
CN-90673,8,POD Uploaded,,2026-08-24 15:00:00
CN-90674,1,Booking Created,,2026-08-03 08:00:00
CN-90674,2,Vehicle Allocated,,2026-08-03 11:00:00
CN-90674,3,Picked Up,,2026-08-04 05:00:00
CN-90674,4,In Transit,,2026-08-04 18:00:00
CN-90674,5,At Hub,,2026-08-05 12:00:00
CN-90674,6,Out For Delivery,,2026-08-06
CN-90674,7,Delivered,,2026-08-06 19:00:00
CN-90674,8,POD Uploaded,,2026-08-07 07:00:00
CN-90675,1,Booking Created,,2026-08-22 13:00:00
CN-90675,2,Vehicle Allocated,,2026-08-22 17:00:00
CN-90675,3,Picked Up,,2026-08-23
CN-90675,4,In Transit,,2026-08-23 09:00:00
CN-90675,5,At Hub,,2026-08-23 15:00:00
CN-90675,6,Out For Delivery,,2026-08-23 19:00:00
CN-90675,7,Delivered,,2026-08-24 06:00:00
CN-90675,8,POD Uploaded,,2026-08-25 01:00:00
CN-90676,1,Booking Created,,2026-07-27 07:00:00
CN-90676,2,Vehicle Allocated,,2026-07-27 15:00:00
CN-90676,3,Picked Up,,2026-07-28
CN-90676,4,In Transit,,2026-07-28 11:00:00
CN-90676,5,At Hub,,2026-07-28 14:00:00
CN-90676,6,Out For Delivery,,2026-07-28 20:00:00
CN-90676,7,Delivered,,2026-07-29 03:00:00
CN-90676,8,POD Uploaded,,2026-07-29 18:00:00
CN-90677,1,Booking Created,,2026-07-29 17:00:00
CN-90677,2,Vehicle Allocated,,2026-07-29 23:00:00
CN-90677,3,Picked Up,,2026-07-30 11:00:00
CN-90677,4,In Transit,,2026-07-30 14:00:00
CN-90677,5,At Hub,,2026-07-30 18:00:00
CN-90677,6,Out For Delivery,,2026-07-31
CN-90677,7,Delivered,,2026-07-31 09:00:00
CN-90677,8,POD Uploaded,,2026-07-31 20:00:00
CN-90678,1,Booking Created,,2026-08-13 13:00:00
CN-90678,2,Vehicle Allocated,,2026-08-13 21:00:00
CN-90678,3,Picked Up,,2026-08-14 10:00:00
CN-90678,4,In Transit,,2026-08-14 14:00:00
CN-90678,5,At Hub,,2026-08-15 10:00:00
CN-90678,6,Out For Delivery,,2026-08-16 01:00:00
CN-90678,7,Delivered,,2026-08-16 08:00:00
CN-90678,8,POD Uploaded,,2026-08-16 12:00:00
CN-90679,1,Booking Created,,2026-08-22 19:00:00
CN-90679,2,Vehicle Allocated,,2026-08-23 09:00:00
CN-90679,3,Picked Up,,2026-08-23 20:00:00
CN-90679,4,In Transit,,2026-08-24 01:00:00
CN-90679,5,At Hub,,2026-08-24 17:00:00
CN-90679,6,Out For Delivery,,2026-08-25 13:00:00
CN-90679,7,Delivered,,2026-08-26 04:00:00
CN-90679,8,POD Uploaded,,2026-08-26 18:00:00
CN-90680,1,Booking Created,,2026-08-22 03:00:00
CN-90680,2,Vehicle Allocated,,2026-08-22 16:00:00
CN-90680,3,Picked Up,,2026-08-23 08:00:00
CN-90680,4,In Transit,,2026-08-23 23:00:00
CN-90680,5,At Hub,,2026-08-24 02:00:00
CN-90680,6,Out For Delivery,,2026-08-24 18:00:00
CN-90680,7,Delivered,,2026-08-25 10:00:00
CN-90680,8,POD Uploaded,,2026-08-26 06:00:00
CN-90681,1,Booking Created,,2026-08-20 11:00:00
CN-90681,2,Vehicle Allocated,,2026-08-20 23:00:00
CN-90681,3,Picked Up,,2026-08-21 13:00:00
CN-90681,4,In Transit,,2026-08-22 09:00:00
CN-90681,5,At Hub,,2026-08-22 22:00:00
CN-90681,6,Out For Delivery,,2026-08-23 05:00:00
CN-90681,7,Delivered,,2026-08-23 19:00:00
CN-90682,1,Booking Created,,2026-08-04 04:00:00
CN-90682,2,Vehicle Allocated,,2026-08-04 14:00:00
CN-90682,3,Picked Up,,2026-08-05 04:00:00
CN-90682,4,In Transit,,2026-08-05 13:00:00
CN-90682,5,At Hub,,2026-08-05 18:00:00
CN-90682,6,Out For Delivery,,2026-08-06 02:00:00
CN-90682,7,Delivered,,2026-08-06 22:00:00
CN-90682,8,POD Uploaded,,2026-08-07 18:00:00
CN-90683,1,Booking Created,,2026-07-26 04:00:00
CN-90683,2,Vehicle Allocated,,2026-07-26 12:00:00
CN-90683,3,Picked Up,,2026-07-27 05:00:00
CN-90683,4,In Transit,,2026-07-27 14:00:00
CN-90683,5,At Hub,,2026-07-28 04:00:00
CN-90683,6,Out For Delivery,,2026-07-28 23:00:00
CN-90683,7,Delivered,,2026-07-29 03:00:00
CN-90683,8,POD Uploaded,,2026-07-29 20:00:00
CN-90684,1,Booking Created,,2026-08-17 17:00:00
CN-90684,2,Vehicle Allocated,,2026-08-18 10:00:00
CN-90684,3,Picked Up,,2026-08-18 22:00:00
CN-90684,4,In Transit,,2026-08-19 02:00:00
CN-90684,5,At Hub,,2026-08-19 05:00:00
CN-90684,6,Out For Delivery,,2026-08-19 13:00:00
CN-90684,7,Delivered,,2026-08-19 23:00:00
CN-90684,8,POD Uploaded,,2026-08-20 12:00:00
CN-90685,1,Booking Created,,2026-08-03 04:00:00
CN-90685,2,Vehicle Allocated,,2026-08-03 23:00:00
CN-90685,3,Picked Up,,2026-08-04 13:00:00
CN-90685,4,In Transit,,2026-08-05 03:00:00
CN-90685,5,At Hub,,2026-08-05 17:00:00
CN-90685,6,Out For Delivery,,2026-08-05 23:00:00
CN-90685,7,Delivered,,2026-08-06 14:00:00
CN-90685,8,POD Uploaded,,2026-08-06 19:00:00
CN-90686,1,Booking Created,,2026-08-03 11:00:00
CN-90686,2,Vehicle Allocated,,2026-08-04 03:00:00
CN-90686,3,Picked Up,,2026-08-04 09:00:00
CN-90686,4,In Transit,,2026-08-04 18:00:00
CN-90686,5,At Hub,,2026-08-05 07:00:00
CN-90686,6,Out For Delivery,,2026-08-05 11:00:00
CN-90686,7,Delivered,,2026-08-05 19:00:00
CN-90686,8,POD Uploaded,,2026-08-06 11:00:00
CN-90687,1,Booking Created,,2026-08-05 18:00:00
CN-90687,2,Vehicle Allocated,,2026-08-05 22:00:00
CN-90687,3,Picked Up,,2026-08-06 06:00:00
CN-90687,4,In Transit,,2026-08-06 09:00:00
CN-90687,5,At Hub,,2026-08-06 23:00:00
CN-90687,6,Out For Delivery,,2026-08-07 02:00:00
CN-90687,7,Delivered,,2026-08-07 17:00:00
CN-90687,8,POD Uploaded,,2026-08-08 11:00:00
CN-90688,1,Booking Created,,2026-07-18 15:00:00
CN-90688,2,Vehicle Allocated,,2026-07-18 22:00:00
CN-90688,3,Picked Up,,2026-07-19 16:00:00
CN-90688,4,In Transit,,2026-07-20 07:00:00
CN-90688,5,At Hub,,2026-07-20 15:00:00
CN-90688,6,Out For Delivery,,2026-07-21 08:00:00
CN-90688,7,Delivered,,2026-07-21 17:00:00
CN-90688,8,POD Uploaded,,2026-07-22 05:00:00
CN-90689,1,Booking Created,,2026-08-05 13:00:00
CN-90689,2,Vehicle Allocated,,2026-08-05 22:00:00
CN-90689,3,Picked Up,,2026-08-06 13:00:00
CN-90689,4,In Transit,,2026-08-07 01:00:00
CN-90689,5,At Hub,,2026-08-07 17:00:00
CN-90689,6,Out For Delivery,,2026-08-07 22:00:00
CN-90689,7,Delivered,,2026-08-08 01:00:00
CN-90689,8,POD Uploaded,,2026-08-08 21:00:00
CN-90690,1,Booking Created,,2026-08-20 19:00:00
CN-90690,2,Vehicle Allocated,,2026-08-21 04:00:00
CN-90690,3,Picked Up,,2026-08-21 07:00:00
CN-90690,4,In Transit,,2026-08-21 12:00:00
CN-90690,5,At Hub,,2026-08-21 20:00:00
CN-90690,6,Out For Delivery,,2026-08-22 07:00:00
CN-90690,7,Delivered,,2026-08-22 13:00:00
CN-90690,8,POD Uploaded,,2026-08-22 22:00:00
CN-90691,1,Booking Created,,2026-08-23 18:00:00
CN-90691,2,Vehicle Allocated,,2026-08-23 23:00:00
CN-90691,3,Picked Up,,2026-08-24 15:00:00
CN-90691,4,In Transit,,2026-08-24 19:00:00
CN-90691,5,At Hub,,2026-08-25 07:00:00
CN-90691,6,Out For Delivery,,2026-08-25 18:00:00
CN-90691,7,Delivered,,2026-08-26 11:00:00
CN-90692,1,Booking Created,,2026-07-23 05:00:00
CN-90692,2,Vehicle Allocated,,2026-07-23 13:00:00
CN-90692,3,Picked Up,,2026-07-24 05:00:00
CN-90692,4,In Transit,,2026-07-24 18:00:00
CN-90692,5,At Hub,,2026-07-25 05:00:00
CN-90692,6,Out For Delivery,,2026-07-25 20:00:00
CN-90692,7,Delivered,,2026-07-26 13:00:00
CN-90692,8,POD Uploaded,,2026-07-27 06:00:00
CN-90693,1,Booking Created,,2026-08-02 10:00:00
CN-90693,2,Vehicle Allocated,,2026-08-03 01:00:00
CN-90693,3,Picked Up,,2026-08-03 12:00:00
CN-90693,4,In Transit,,2026-08-04
CN-90693,5,At Hub,,2026-08-04 19:00:00
CN-90693,6,Out For Delivery,,2026-08-05 15:00:00
CN-90693,7,Delivered,,2026-08-06 04:00:00
CN-90693,8,POD Uploaded,,2026-08-06 13:00:00
CN-90694,1,Booking Created,,2026-07-21 09:00:00
CN-90694,2,Vehicle Allocated,,2026-07-22 02:00:00
CN-90694,3,Picked Up,,2026-07-22 11:00:00
CN-90694,4,In Transit,,2026-07-22 18:00:00
CN-90694,5,At Hub,,2026-07-23 08:00:00
CN-90694,6,Out For Delivery,,2026-07-23 21:00:00
CN-90694,7,Delivered,,2026-07-24 16:00:00
CN-90694,8,POD Uploaded,,2026-07-25 09:00:00
CN-90695,1,Booking Created,,2026-08-26 18:00:00
CN-90695,2,Vehicle Allocated,,2026-08-27 14:00:00
CN-90695,3,Picked Up,,2026-08-28 07:00:00
CN-90696,1,Booking Created,,2026-08-03 17:00:00
CN-90696,2,Vehicle Allocated,,2026-08-04 05:00:00
CN-90696,3,Picked Up,,2026-08-04 12:00:00
CN-90696,4,In Transit,,2026-08-04 17:00:00
CN-90696,5,At Hub,,2026-08-04 21:00:00
CN-90696,6,Out For Delivery,,2026-08-05
CN-90696,7,Delivered,,2026-08-05 16:00:00
CN-90696,8,POD Uploaded,,2026-08-06 01:00:00
CN-90697,1,Booking Created,,2026-08-26 13:00:00
CN-90697,2,Vehicle Allocated,,2026-08-26 17:00:00
CN-90697,3,Picked Up,,2026-08-27 11:00:00
CN-90698,1,Booking Created,,2026-08-26 14:00:00
CN-90698,2,Vehicle Allocated,,2026-08-27
CN-90698,3,Picked Up,,2026-08-27 13:00:00
CN-90699,1,Booking Created,,2026-08-05 19:00:00
CN-90699,2,Vehicle Allocated,,2026-08-06 14:00:00
CN-90699,3,Picked Up,,2026-08-07 08:00:00
CN-90699,4,In Transit,,2026-08-07 11:00:00
CN-90699,5,At Hub,,2026-08-07 21:00:00
CN-90699,6,Out For Delivery,,2026-08-08 01:00:00
CN-90699,7,Delivered,,2026-08-08 20:00:00
CN-90699,8,POD Uploaded,,2026-08-09 06:00:00
CN-90700,1,Booking Created,,2026-08-27 10:00:00
CN-90700,2,Vehicle Allocated,,2026-08-28 06:00:00
CN-90700,3,Picked Up,,2026-08-28 21:00:00
CN-90701,1,Booking Created,,2026-07-13 18:00:00
CN-90701,2,Vehicle Allocated,,2026-07-14
CN-90701,3,Picked Up,,2026-07-14 08:00:00
CN-90701,4,In Transit,,2026-07-14 16:00:00
CN-90701,5,At Hub,,2026-07-15 01:00:00
CN-90701,6,Out For Delivery,,2026-07-15 12:00:00
CN-90701,7,Delivered,,2026-07-16 08:00:00
CN-90701,8,POD Uploaded,,2026-07-16 20:00:00
CN-90702,1,Booking Created,,2026-08-19 20:00:00
CN-90702,2,Vehicle Allocated,,2026-08-20 03:00:00
CN-90702,3,Picked Up,,2026-08-20 06:00:00
CN-90702,4,In Transit,,2026-08-20 15:00:00
CN-90702,5,At Hub,,2026-08-21 10:00:00
CN-90702,6,Out For Delivery,,2026-08-22
CN-90702,7,Delivered,,2026-08-22 06:00:00
CN-90702,8,POD Uploaded,,2026-08-22 21:00:00
CN-90703,1,Booking Created,,2026-08-24 16:00:00
CN-90703,2,Vehicle Allocated,,2026-08-25 02:00:00
CN-90703,3,Picked Up,,2026-08-25 07:00:00
CN-90703,4,In Transit,,2026-08-26 02:00:00
CN-90704,1,Booking Created,,2026-08-23 16:00:00
CN-90704,2,Vehicle Allocated,,2026-08-24
CN-90704,3,Picked Up,,2026-08-24 14:00:00
CN-90704,4,In Transit,,2026-08-25 07:00:00
CN-90704,5,At Hub,,2026-08-26 02:00:00
CN-90704,6,Out For Delivery,,2026-08-26 12:00:00
CN-90704,7,Delivered,,2026-08-27 07:00:00
CN-90704,8,POD Uploaded,,2026-08-28 01:00:00
CN-90705,1,Booking Created,,2026-08-01 15:00:00
CN-90705,2,Vehicle Allocated,,2026-08-01 22:00:00
CN-90705,3,Picked Up,,2026-08-02 18:00:00
CN-90705,4,In Transit,,2026-08-03 07:00:00
CN-90705,5,At Hub,,2026-08-03 14:00:00
CN-90705,6,Out For Delivery,,2026-08-03 23:00:00
CN-90705,7,Delivered,,2026-08-04 03:00:00
CN-90705,8,POD Uploaded,,2026-08-04 16:00:00
CN-90706,1,Booking Created,,2026-07-09 09:00:00
CN-90706,2,Vehicle Allocated,,2026-07-09 19:00:00
CN-90706,3,Picked Up,,2026-07-10 05:00:00
CN-90706,4,In Transit,,2026-07-10 18:00:00
CN-90706,5,At Hub,,2026-07-11 11:00:00
CN-90706,6,Out For Delivery,,2026-07-11 21:00:00
CN-90706,7,Delivered,,2026-07-12 01:00:00
CN-90706,8,POD Uploaded,,2026-07-12 21:00:00
CN-90707,1,Booking Created,,2026-08-11 06:00:00
CN-90707,2,Vehicle Allocated,,2026-08-11 11:00:00
CN-90707,3,Picked Up,,2026-08-12 07:00:00
CN-90707,4,In Transit,,2026-08-12 16:00:00
CN-90707,5,At Hub,,2026-08-13 04:00:00
CN-90707,6,Out For Delivery,,2026-08-13 11:00:00
CN-90707,7,Delivered,,2026-08-14 07:00:00
CN-90707,8,POD Uploaded,,2026-08-14 12:00:00
CN-90708,1,Booking Created,,2026-08-18 19:00:00
CN-90708,2,Vehicle Allocated,,2026-08-19 11:00:00
CN-90708,3,Picked Up,,2026-08-19 19:00:00
CN-90708,4,In Transit,,2026-08-20 03:00:00
CN-90708,5,At Hub,,2026-08-20 23:00:00
CN-90708,6,Out For Delivery,,2026-08-21 09:00:00
CN-90708,7,Delivered,,2026-08-21 13:00:00
CN-90708,8,POD Uploaded,,2026-08-22 04:00:00
CN-90709,1,Booking Created,,2026-07-05 17:00:00
CN-90709,2,Vehicle Allocated,,2026-07-05 23:00:00
CN-90709,3,Picked Up,,2026-07-06 16:00:00
CN-90709,4,In Transit,,2026-07-07 11:00:00
CN-90709,5,At Hub,,2026-07-07 19:00:00
CN-90709,6,Out For Delivery,,2026-07-07 22:00:00
CN-90709,7,Delivered,,2026-07-08 17:00:00
CN-90709,8,POD Uploaded,,2026-07-09 04:00:00
CN-90710,1,Booking Created,,2026-08-15 12:00:00
CN-90710,2,Vehicle Allocated,,2026-08-15 15:00:00
CN-90710,3,Picked Up,,2026-08-16 07:00:00
CN-90710,4,In Transit,,2026-08-17 03:00:00
CN-90710,5,At Hub,,2026-08-17 20:00:00
CN-90710,6,Out For Delivery,,2026-08-18 02:00:00
CN-90710,7,Delivered,,2026-08-18 07:00:00
CN-90710,8,POD Uploaded,,2026-08-19 02:00:00
CN-90711,1,Booking Created,,2026-07-24 19:00:00
CN-90711,2,Vehicle Allocated,,2026-07-24 23:00:00
CN-90711,3,Picked Up,,2026-07-25 14:00:00
CN-90711,4,In Transit,,2026-07-26
CN-90711,5,At Hub,,2026-07-26 09:00:00
CN-90711,6,Out For Delivery,,2026-07-27 04:00:00
CN-90711,7,Delivered,,2026-07-27 16:00:00
CN-90711,8,POD Uploaded,,2026-07-28 10:00:00
CN-90712,1,Booking Created,,2026-08-26 05:00:00
CN-90712,2,Vehicle Allocated,,2026-08-26 19:00:00
CN-90712,3,Picked Up,,2026-08-26 22:00:00
CN-90712,4,In Transit,,2026-08-27 16:00:00
CN-90712,5,At Hub,,2026-08-27 21:00:00
CN-90712,6,Out For Delivery,,2026-08-28
CN-90713,1,Booking Created,,2026-08-28 13:00:00
CN-90713,2,Vehicle Allocated,,2026-08-28 18:00:00
CN-90713,3,Picked Up,,2026-08-28 23:00:00
CN-90714,1,Booking Created,,2026-08-16 14:00:00
CN-90714,2,Vehicle Allocated,,2026-08-16 19:00:00
CN-90714,3,Picked Up,,2026-08-17 13:00:00
CN-90714,4,In Transit,,2026-08-18 09:00:00
CN-90714,5,At Hub,,2026-08-19 03:00:00
CN-90714,6,Out For Delivery,,2026-08-19 18:00:00
CN-90714,7,Delivered,,2026-08-20 05:00:00
CN-90714,8,POD Uploaded,,2026-08-20 09:00:00
CN-90715,1,Booking Created,,2026-08-16 18:00:00
CN-90715,2,Vehicle Allocated,,2026-08-16 21:00:00
CN-90715,3,Picked Up,,2026-08-17 07:00:00
CN-90715,4,In Transit,,2026-08-17 11:00:00
CN-90715,5,At Hub,,2026-08-17 23:00:00
CN-90715,6,Out For Delivery,,2026-08-18 15:00:00
CN-90715,7,Delivered,,2026-08-18 23:00:00
CN-90715,8,POD Uploaded,,2026-08-19 07:00:00
CN-90716,1,Booking Created,,2026-08-09 19:00:00
CN-90716,2,Vehicle Allocated,,2026-08-10 15:00:00
CN-90716,3,Picked Up,,2026-08-11 09:00:00
CN-90716,4,In Transit,,2026-08-11 23:00:00
CN-90716,5,At Hub,,2026-08-12 11:00:00
CN-90716,6,Out For Delivery,,2026-08-12 17:00:00
CN-90716,7,Delivered,,2026-08-13 07:00:00
CN-90716,8,POD Uploaded,,2026-08-13 15:00:00
CN-90717,1,Booking Created,,2026-08-24 18:00:00
CN-90717,2,Vehicle Allocated,,2026-08-24 23:00:00
CN-90717,3,Picked Up,,2026-08-25 10:00:00
CN-90717,4,In Transit,,2026-08-26 03:00:00
CN-90717,5,At Hub,,2026-08-26 22:00:00
CN-90717,6,Out For Delivery,,2026-08-27 08:00:00
CN-90717,7,Delivered,,2026-08-27 19:00:00
CN-90717,8,POD Uploaded,,2026-08-28 01:00:00
CN-90718,1,Booking Created,,2026-08-13 09:00:00
CN-90718,2,Vehicle Allocated,,2026-08-13 15:00:00
CN-90718,3,Picked Up,,2026-08-14 01:00:00
CN-90718,4,In Transit,,2026-08-14 15:00:00
CN-90718,5,At Hub,,2026-08-14 21:00:00
CN-90718,6,Out For Delivery,,2026-08-15 15:00:00
CN-90718,7,Delivered,,2026-08-16 05:00:00
CN-90718,8,POD Uploaded,,2026-08-16 13:00:00
CN-90719,1,Booking Created,,2026-08-21 12:00:00
CN-90719,2,Vehicle Allocated,,2026-08-22 08:00:00
CN-90719,3,Picked Up,,2026-08-22 20:00:00
CN-90719,4,In Transit,,2026-08-23 05:00:00
CN-90719,5,At Hub,,2026-08-23 10:00:00
CN-90720,1,Booking Created,,2026-08-11 10:00:00
CN-90720,2,Vehicle Allocated,,2026-08-12 04:00:00
CN-90720,3,Picked Up,,2026-08-12 15:00:00
CN-90720,4,In Transit,,2026-08-12 19:00:00
CN-90720,5,At Hub,,2026-08-13 14:00:00
CN-90720,6,Out For Delivery,,2026-08-14 10:00:00
CN-90720,7,Delivered,,2026-08-15 02:00:00
CN-90720,8,POD Uploaded,,2026-08-15 10:00:00
CN-90721,1,Booking Created,,2026-08-05 03:00:00
CN-90721,2,Vehicle Allocated,,2026-08-05 20:00:00
CN-90721,3,Picked Up,,2026-08-06 12:00:00
CN-90721,4,In Transit,,2026-08-06 16:00:00
CN-90721,5,At Hub,,2026-08-07 10:00:00
CN-90721,6,Out For Delivery,,2026-08-07 21:00:00
CN-90721,7,Delivered,,2026-08-08 04:00:00
CN-90721,8,POD Uploaded,,2026-08-08 12:00:00
CN-90722,1,Booking Created,,2026-08-04 04:00:00
CN-90722,2,Vehicle Allocated,,2026-08-04 18:00:00
CN-90722,3,Picked Up,,2026-08-05 10:00:00
CN-90722,4,In Transit,,2026-08-06 03:00:00
CN-90722,5,At Hub,,2026-08-06 15:00:00
CN-90722,6,Out For Delivery,,2026-08-06 18:00:00
CN-90722,7,Delivered,,2026-08-07 14:00:00
CN-90722,8,POD Uploaded,,2026-08-07 21:00:00
CN-90723,1,Booking Created,,2026-08-19 09:00:00
CN-90723,2,Vehicle Allocated,,2026-08-19 21:00:00
CN-90723,3,Picked Up,,2026-08-20 10:00:00
CN-90723,4,In Transit,,2026-08-21 04:00:00
CN-90723,5,At Hub,,2026-08-21 19:00:00
CN-90723,6,Out For Delivery,,2026-08-22 04:00:00
CN-90723,7,Delivered,,2026-08-22 10:00:00
CN-90723,8,POD Uploaded,,2026-08-23 05:00:00
CN-90724,1,Booking Created,,2026-08-02 11:00:00
CN-90724,2,Vehicle Allocated,,2026-08-02 18:00:00
CN-90724,3,Picked Up,,2026-08-03 06:00:00
CN-90724,4,In Transit,,2026-08-03 11:00:00
CN-90724,5,At Hub,,2026-08-04 06:00:00
CN-90724,6,Out For Delivery,,2026-08-04 14:00:00
CN-90724,7,Delivered,,2026-08-04 19:00:00
CN-90724,8,POD Uploaded,,2026-08-05 12:00:00
CN-90725,1,Booking Created,,2026-08-22 18:00:00
CN-90725,2,Vehicle Allocated,,2026-08-23 13:00:00
CN-90725,3,Picked Up,,2026-08-24 04:00:00
CN-90725,4,In Transit,,2026-08-24 21:00:00
CN-90725,5,At Hub,,2026-08-25 07:00:00
CN-90725,6,Out For Delivery,,2026-08-26 02:00:00
CN-90725,7,Delivered,,2026-08-26 13:00:00
CN-90725,8,POD Uploaded,,2026-08-27
CN-90726,1,Booking Created,,2026-08-12 14:00:00
CN-90726,2,Vehicle Allocated,,2026-08-13 06:00:00
CN-90726,3,Picked Up,,2026-08-13 23:00:00
CN-90726,4,In Transit,,2026-08-14 03:00:00
CN-90726,5,At Hub,,2026-08-14 13:00:00
CN-90726,6,Out For Delivery,,2026-08-14 19:00:00
CN-90726,7,Delivered,,2026-08-15 04:00:00
CN-90726,8,POD Uploaded,,2026-08-15 14:00:00
CN-90727,1,Booking Created,,2026-07-30 10:00:00
CN-90727,2,Vehicle Allocated,,2026-07-30 13:00:00
CN-90727,3,Picked Up,,2026-07-30 20:00:00
CN-90727,4,In Transit,,2026-07-31 01:00:00
CN-90727,5,At Hub,,2026-07-31 06:00:00
CN-90727,6,Out For Delivery,,2026-07-31 20:00:00
CN-90727,7,Delivered,,2026-08-01 14:00:00
CN-90727,8,POD Uploaded,,2026-08-02 07:00:00
CN-90728,1,Booking Created,,2026-08-30 16:00:00
CN-90728,2,Vehicle Allocated,,2026-08-30 20:00:00
CN-90728,3,Picked Up,,2026-08-31 08:00:00
CN-90729,1,Booking Created,,2026-08-05 20:00:00
CN-90729,2,Vehicle Allocated,,2026-08-06 01:00:00
CN-90729,3,Picked Up,,2026-08-06 04:00:00
CN-90729,4,In Transit,,2026-08-06 09:00:00
CN-90729,5,At Hub,,2026-08-06 21:00:00
CN-90729,6,Out For Delivery,,2026-08-07 03:00:00
CN-90729,7,Delivered,,2026-08-07 17:00:00
CN-90729,8,POD Uploaded,,2026-08-08
CN-90730,1,Booking Created,,2026-07-13 10:00:00
CN-90730,2,Vehicle Allocated,,2026-07-14 03:00:00
CN-90730,3,Picked Up,,2026-07-14 19:00:00
CN-90730,4,In Transit,,2026-07-15 07:00:00
CN-90730,5,At Hub,,2026-07-15 21:00:00
CN-90730,6,Out For Delivery,,2026-07-16
CN-90730,7,Delivered,,2026-07-16 09:00:00
CN-90730,8,POD Uploaded,,2026-07-17
CN-90731,1,Booking Created,,2026-08-12 09:00:00
CN-90731,2,Vehicle Allocated,,2026-08-12 12:00:00
CN-90731,3,Picked Up,,2026-08-12 20:00:00
CN-90731,4,In Transit,,2026-08-13 12:00:00
CN-90731,5,At Hub,,2026-08-14 05:00:00
CN-90731,6,Out For Delivery,,2026-08-14 10:00:00
CN-90731,7,Delivered,,2026-08-14 17:00:00
CN-90731,8,POD Uploaded,,2026-08-15 06:00:00
CN-90732,1,Booking Created,,2026-08-27 18:00:00
CN-90732,2,Vehicle Allocated,,2026-08-28 12:00:00
CN-90732,3,Picked Up,,2026-08-29
CN-90733,1,Booking Created,,2026-08-11 07:00:00
CN-90733,2,Vehicle Allocated,,2026-08-11 13:00:00
CN-90733,3,Picked Up,,2026-08-12 09:00:00
CN-90733,4,In Transit,,2026-08-12 19:00:00
CN-90733,5,At Hub,,2026-08-13 01:00:00
CN-90733,6,Out For Delivery,,2026-08-13 07:00:00
CN-90733,7,Delivered,,2026-08-13 22:00:00
CN-90733,8,POD Uploaded,,2026-08-14 15:00:00
CN-90734,1,Booking Created,,2026-08-21 20:00:00
CN-90734,2,Vehicle Allocated,,2026-08-22 11:00:00
CN-90734,3,Picked Up,,2026-08-23
CN-90734,4,In Transit,,2026-08-23 11:00:00
CN-90734,5,At Hub,,2026-08-23 14:00:00
CN-90734,6,Out For Delivery,,2026-08-24 09:00:00
CN-90734,7,Delivered,,2026-08-24 18:00:00
CN-90734,8,POD Uploaded,,2026-08-24 22:00:00
CN-90735,1,Booking Created,,2026-08-15 15:00:00
CN-90735,2,Vehicle Allocated,,2026-08-16 03:00:00
CN-90735,3,Picked Up,,2026-08-16 18:00:00
CN-90735,4,In Transit,,2026-08-17 06:00:00
CN-90735,5,At Hub,,2026-08-18 01:00:00
CN-90735,6,Out For Delivery,,2026-08-18 13:00:00
CN-90735,7,Delivered,,2026-08-19 05:00:00
CN-90735,8,POD Uploaded,,2026-08-19 13:00:00
CN-90736,1,Booking Created,,2026-08-18 16:00:00
CN-90736,2,Vehicle Allocated,,2026-08-19 02:00:00
CN-90736,3,Picked Up,,2026-08-19 09:00:00
CN-90736,4,In Transit,,2026-08-20 03:00:00
CN-90736,5,At Hub,,2026-08-20 18:00:00
CN-90736,6,Out For Delivery,,2026-08-21 09:00:00
CN-90736,7,Delivered,,2026-08-21 13:00:00
CN-90736,8,POD Uploaded,,2026-08-22
CN-90737,1,Booking Created,,2026-07-05 08:00:00
CN-90737,2,Vehicle Allocated,,2026-07-06 04:00:00
CN-90737,3,Picked Up,,2026-07-06 11:00:00
CN-90737,4,In Transit,,2026-07-06 21:00:00
CN-90737,5,At Hub,,2026-07-07 17:00:00
CN-90737,6,Out For Delivery,,2026-07-07 21:00:00
CN-90737,7,Delivered,,2026-07-08 12:00:00
CN-90737,8,POD Uploaded,,2026-07-08 19:00:00
CN-90738,1,Booking Created,,2026-07-29 12:00:00
CN-90738,2,Vehicle Allocated,,2026-07-30 05:00:00
CN-90738,3,Picked Up,,2026-07-30 18:00:00
CN-90738,4,In Transit,,2026-07-30 23:00:00
CN-90738,5,At Hub,,2026-07-31 16:00:00
CN-90738,6,Out For Delivery,,2026-08-01 09:00:00
CN-90738,7,Delivered,,2026-08-01 15:00:00
CN-90738,8,POD Uploaded,,2026-08-02 04:00:00
CN-90739,1,Booking Created,,2026-08-12 09:00:00
CN-90739,2,Vehicle Allocated,,2026-08-12 23:00:00
CN-90739,3,Picked Up,,2026-08-13 17:00:00
CN-90739,4,In Transit,,2026-08-14 09:00:00
CN-90739,5,At Hub,,2026-08-14 20:00:00
CN-90739,6,Out For Delivery,,2026-08-15 07:00:00
CN-90739,7,Delivered,,2026-08-16
CN-90739,8,POD Uploaded,,2026-08-16 12:00:00
CN-90740,1,Booking Created,,2026-08-26 08:00:00
CN-90740,2,Vehicle Allocated,,2026-08-26 21:00:00
CN-90740,3,Picked Up,,2026-08-27 11:00:00
CN-90741,1,Booking Created,,2026-08-28 16:00:00
CN-90741,2,Vehicle Allocated,,2026-08-28 23:00:00
CN-90741,3,Picked Up,,2026-08-29 16:00:00
CN-90741,4,In Transit,,2026-08-30 09:00:00
CN-90741,5,At Hub,,2026-08-31
CN-90741,6,Out For Delivery,,2026-08-31 10:00:00
CN-90742,1,Booking Created,,2026-07-23 09:00:00
CN-90742,2,Vehicle Allocated,,2026-07-23 21:00:00
CN-90742,3,Picked Up,,2026-07-24 09:00:00
CN-90742,4,In Transit,,2026-07-25
CN-90742,5,At Hub,,2026-07-25 10:00:00
CN-90742,6,Out For Delivery,,2026-07-26 03:00:00
CN-90742,7,Delivered,,2026-07-26 22:00:00
CN-90742,8,POD Uploaded,,2026-07-27 10:00:00
CN-90743,1,Booking Created,,2026-08-02 13:00:00
CN-90743,2,Vehicle Allocated,,2026-08-02 18:00:00
CN-90743,3,Picked Up,,2026-08-03 09:00:00
CN-90743,4,In Transit,,2026-08-04 03:00:00
CN-90743,5,At Hub,,2026-08-04 07:00:00
CN-90743,6,Out For Delivery,,2026-08-04 18:00:00
CN-90743,7,Delivered,,2026-08-05 02:00:00
CN-90743,8,POD Uploaded,,2026-08-05 05:00:00
CN-90744,1,Booking Created,,2026-08-06 07:00:00
CN-90744,2,Vehicle Allocated,,2026-08-06 18:00:00
CN-90744,3,Picked Up,,2026-08-07 07:00:00
CN-90744,4,In Transit,,2026-08-07 16:00:00
CN-90744,5,At Hub,,2026-08-08 06:00:00
CN-90744,6,Out For Delivery,,2026-08-08 10:00:00
CN-90744,7,Delivered,,2026-08-09 03:00:00
CN-90744,8,POD Uploaded,,2026-08-09 15:00:00
CN-90745,1,Booking Created,,2026-08-07 16:00:00
CN-90745,2,Vehicle Allocated,,2026-08-08 01:00:00
CN-90745,3,Picked Up,,2026-08-08 12:00:00
CN-90745,4,In Transit,,2026-08-08 21:00:00
CN-90745,5,At Hub,,2026-08-09 12:00:00
CN-90745,6,Out For Delivery,,2026-08-09 19:00:00
CN-90745,7,Delivered,,2026-08-09 22:00:00
CN-90745,8,POD Uploaded,,2026-08-10 15:00:00
CN-90746,1,Booking Created,,2026-08-06 06:00:00
CN-90746,2,Vehicle Allocated,,2026-08-06 13:00:00
CN-90746,3,Picked Up,,2026-08-07 09:00:00
CN-90746,4,In Transit,,2026-08-07 13:00:00
CN-90746,5,At Hub,,2026-08-08 05:00:00
CN-90746,6,Out For Delivery,,2026-08-08 11:00:00
CN-90746,7,Delivered,,2026-08-09 02:00:00
CN-90746,8,POD Uploaded,,2026-08-09 20:00:00
CN-90747,1,Booking Created,,2026-08-07 17:00:00
CN-90747,2,Vehicle Allocated,,2026-08-08 11:00:00
CN-90747,3,Picked Up,,2026-08-09 04:00:00
CN-90747,4,In Transit,,2026-08-09 07:00:00
CN-90747,5,At Hub,,2026-08-09 23:00:00
CN-90747,6,Out For Delivery,,2026-08-10 12:00:00
CN-90747,7,Delivered,,2026-08-11 04:00:00
CN-90747,8,POD Uploaded,,2026-08-11 23:00:00
CN-90748,1,Booking Created,,2026-07-19 06:00:00
CN-90748,2,Vehicle Allocated,,2026-07-19 22:00:00
CN-90748,3,Picked Up,,2026-07-20 17:00:00
CN-90748,4,In Transit,,2026-07-21
CN-90748,5,At Hub,,2026-07-21 06:00:00
CN-90748,6,Out For Delivery,,2026-07-21 20:00:00
CN-90748,7,Delivered,,2026-07-22 05:00:00
CN-90748,8,POD Uploaded,,2026-07-22 18:00:00
CN-90749,1,Booking Created,,2026-07-24 14:00:00
CN-90749,2,Vehicle Allocated,,2026-07-24 17:00:00
CN-90749,3,Picked Up,,2026-07-24 20:00:00
CN-90749,4,In Transit,,2026-07-25 04:00:00
CN-90749,5,At Hub,,2026-07-25 21:00:00
CN-90749,6,Out For Delivery,,2026-07-26 02:00:00
CN-90749,7,Delivered,,2026-07-26 21:00:00
CN-90749,8,POD Uploaded,,2026-07-27 04:00:00
CN-90750,1,Booking Created,,2026-08-09 19:00:00
CN-90750,2,Vehicle Allocated,,2026-08-10 01:00:00
CN-90750,3,Picked Up,,2026-08-10 13:00:00
CN-90750,4,In Transit,,2026-08-11 05:00:00
CN-90750,5,At Hub,,2026-08-11 18:00:00
CN-90750,6,Out For Delivery,,2026-08-12
CN-90750,7,Delivered,,2026-08-12 12:00:00
CN-90750,8,POD Uploaded,,2026-08-13 03:00:00
CN-90751,1,Booking Created,,2026-07-13 10:00:00
CN-90751,2,Vehicle Allocated,,2026-07-13 13:00:00
CN-90751,3,Picked Up,,2026-07-13 19:00:00
CN-90751,4,In Transit,,2026-07-14 15:00:00
CN-90751,5,At Hub,,2026-07-14 19:00:00
CN-90751,6,Out For Delivery,,2026-07-15 01:00:00
CN-90751,7,Delivered,,2026-07-15 04:00:00
CN-90751,8,POD Uploaded,,2026-07-15 20:00:00
CN-90752,1,Booking Created,,2026-08-28 16:00:00
CN-90752,2,Vehicle Allocated,,2026-08-29 12:00:00
CN-90752,3,Picked Up,,2026-08-30 07:00:00
CN-90752,4,In Transit,,2026-08-30 14:00:00
CN-90753,1,Booking Created,,2026-08-14 09:00:00
CN-90753,2,Vehicle Allocated,,2026-08-15 02:00:00
CN-90753,3,Picked Up,,2026-08-15 09:00:00
CN-90753,4,In Transit,,2026-08-16 03:00:00
CN-90753,5,At Hub,,2026-08-16 20:00:00
CN-90753,6,Out For Delivery,,2026-08-17 02:00:00
CN-90753,7,Delivered,,2026-08-17 07:00:00
CN-90753,8,POD Uploaded,,2026-08-17 21:00:00
CN-90754,1,Booking Created,,2026-08-16 03:00:00
CN-90754,2,Vehicle Allocated,,2026-08-16 10:00:00
CN-90754,3,Picked Up,,2026-08-16 15:00:00
CN-90754,4,In Transit,,2026-08-17 08:00:00
CN-90754,5,At Hub,,2026-08-17 16:00:00
CN-90754,6,Out For Delivery,,2026-08-18 07:00:00
CN-90754,7,Delivered,,2026-08-18 21:00:00
CN-90754,8,POD Uploaded,,2026-08-19 07:00:00
CN-90755,1,Booking Created,,2026-08-14 03:00:00
CN-90755,2,Vehicle Allocated,,2026-08-14 08:00:00
CN-90755,3,Picked Up,,2026-08-14 11:00:00
CN-90755,4,In Transit,,2026-08-15
CN-90755,5,At Hub,,2026-08-15 07:00:00
CN-90755,6,Out For Delivery,,2026-08-16 02:00:00
CN-90755,7,Delivered,,2026-08-16 05:00:00
CN-90755,8,POD Uploaded,,2026-08-16 21:00:00
CN-90756,1,Booking Created,,2026-08-26 04:00:00
CN-90756,2,Vehicle Allocated,,2026-08-26 09:00:00
CN-90756,3,Picked Up,,2026-08-26 21:00:00
CN-90757,1,Booking Created,,2026-08-01 10:00:00
CN-90757,2,Vehicle Allocated,,2026-08-01 23:00:00
CN-90757,3,Picked Up,,2026-08-02 14:00:00
CN-90757,4,In Transit,,2026-08-03 02:00:00
CN-90757,5,At Hub,,2026-08-03 06:00:00
CN-90757,6,Out For Delivery,,2026-08-03 19:00:00
CN-90757,7,Delivered,,2026-08-04 13:00:00
CN-90757,8,POD Uploaded,,2026-08-05 03:00:00
CN-90758,1,Booking Created,,2026-08-08 14:00:00
CN-90758,2,Vehicle Allocated,,2026-08-08 20:00:00
CN-90758,3,Picked Up,,2026-08-09 10:00:00
CN-90758,4,In Transit,,2026-08-10 01:00:00
CN-90758,5,At Hub,,2026-08-10 17:00:00
CN-90758,6,Out For Delivery,,2026-08-11 04:00:00
CN-90758,7,Delivered,,2026-08-11 23:00:00
CN-90758,8,POD Uploaded,,2026-08-12 06:00:00
CN-90759,1,Booking Created,,2026-07-22 12:00:00
CN-90759,2,Vehicle Allocated,,2026-07-22 17:00:00
CN-90759,3,Picked Up,,2026-07-22 22:00:00
CN-90759,4,In Transit,,2026-07-23 06:00:00
CN-90759,5,At Hub,,2026-07-23 09:00:00
CN-90759,6,Out For Delivery,,2026-07-23 21:00:00
CN-90759,7,Delivered,,2026-07-24 01:00:00
CN-90759,8,POD Uploaded,,2026-07-24 05:00:00
CN-90760,1,Booking Created,,2026-08-14 16:00:00
CN-90760,2,Vehicle Allocated,,2026-08-15 04:00:00
CN-90760,3,Picked Up,,2026-08-15 13:00:00
CN-90760,4,In Transit,,2026-08-15 16:00:00
CN-90760,5,At Hub,,2026-08-16 05:00:00
CN-90760,6,Out For Delivery,,2026-08-16 19:00:00
CN-90760,7,Delivered,,2026-08-17 14:00:00
CN-90760,8,POD Uploaded,,2026-08-18 10:00:00
CN-90761,1,Booking Created,,2026-08-24 05:00:00
CN-90761,2,Vehicle Allocated,,2026-08-24 19:00:00
CN-90761,3,Picked Up,,2026-08-25 14:00:00
CN-90761,4,In Transit,,2026-08-26 08:00:00
CN-90761,5,At Hub,,2026-08-26 15:00:00
CN-90761,6,Out For Delivery,,2026-08-27 10:00:00
CN-90761,7,Delivered,,2026-08-28
CN-90761,8,POD Uploaded,,2026-08-28 10:00:00
CN-90762,1,Booking Created,,2026-08-05 14:00:00
CN-90762,2,Vehicle Allocated,,2026-08-06 04:00:00
CN-90762,3,Picked Up,,2026-08-06 16:00:00
CN-90762,4,In Transit,,2026-08-07 06:00:00
CN-90762,5,At Hub,,2026-08-07 12:00:00
CN-90762,6,Out For Delivery,,2026-08-08 06:00:00
CN-90762,7,Delivered,,2026-08-08 20:00:00
CN-90762,8,POD Uploaded,,2026-08-08 23:00:00
CN-90763,1,Booking Created,,2026-08-03 10:00:00
CN-90763,2,Vehicle Allocated,,2026-08-04
CN-90763,3,Picked Up,,2026-08-04 13:00:00
CN-90763,4,In Transit,,2026-08-04 22:00:00
CN-90763,5,At Hub,,2026-08-05 10:00:00
CN-90763,6,Out For Delivery,,2026-08-05 17:00:00
CN-90763,7,Delivered,,2026-08-06 06:00:00
CN-90763,8,POD Uploaded,,2026-08-07 02:00:00
CN-90764,1,Booking Created,,2026-08-02 07:00:00
CN-90764,2,Vehicle Allocated,,2026-08-02 21:00:00
CN-90764,3,Picked Up,,2026-08-03 10:00:00
CN-90764,4,In Transit,,2026-08-04
CN-90764,5,At Hub,,2026-08-04 14:00:00
CN-90764,6,Out For Delivery,,2026-08-05 10:00:00
CN-90764,7,Delivered,,2026-08-05 22:00:00
CN-90764,8,POD Uploaded,,2026-08-06 14:00:00
CN-90765,1,Booking Created,,2026-08-30 12:00:00
CN-90765,2,Vehicle Allocated,,2026-08-31 03:00:00
CN-90765,3,Picked Up,,2026-08-31 06:00:00
CN-90766,1,Booking Created,,2026-08-11 14:00:00
CN-90766,2,Vehicle Allocated,,2026-08-12 03:00:00
CN-90766,3,Picked Up,,2026-08-12 15:00:00
CN-90766,4,In Transit,,2026-08-12 23:00:00
CN-90766,5,At Hub,,2026-08-13 16:00:00
CN-90766,6,Out For Delivery,,2026-08-14
CN-90766,7,Delivered,,2026-08-14 08:00:00
CN-90766,8,POD Uploaded,,2026-08-14 19:00:00
CN-90767,1,Booking Created,,2026-08-24 17:00:00
CN-90767,2,Vehicle Allocated,,2026-08-25
CN-90767,3,Picked Up,,2026-08-25 17:00:00
CN-90767,4,In Transit,,2026-08-26 05:00:00
CN-90767,5,At Hub,,2026-08-27
CN-90767,6,Out For Delivery,,2026-08-27 03:00:00
CN-90767,7,Delivered,,2026-08-27 23:00:00
CN-90768,1,Booking Created,,2026-08-27 13:00:00
CN-90768,2,Vehicle Allocated,,2026-08-28 09:00:00
CN-90768,3,Picked Up,,2026-08-29 05:00:00
CN-90769,1,Booking Created,,2026-08-17 08:00:00
CN-90769,2,Vehicle Allocated,,2026-08-18 01:00:00
CN-90769,3,Picked Up,,2026-08-18 19:00:00
CN-90769,4,In Transit,,2026-08-19
CN-90769,5,At Hub,,2026-08-19 06:00:00
CN-90769,6,Out For Delivery,,2026-08-19 22:00:00
CN-90769,7,Delivered,,2026-08-20 15:00:00
CN-90769,8,POD Uploaded,,2026-08-21
CN-90770,1,Booking Created,,2026-08-28 07:00:00
CN-90770,2,Vehicle Allocated,,2026-08-28 14:00:00
CN-90770,3,Picked Up,,2026-08-29 02:00:00
CN-90770,4,In Transit,,2026-08-29 11:00:00
CN-90770,5,At Hub,,2026-08-30 07:00:00
CN-90770,6,Out For Delivery,,2026-08-30 10:00:00
CN-90770,7,Delivered,,2026-08-31 02:00:00
CN-90771,1,Booking Created,,2026-08-26 17:00:00
CN-90771,2,Vehicle Allocated,,2026-08-27 06:00:00
CN-90771,3,Picked Up,,2026-08-27 13:00:00
CN-90771,4,In Transit,,2026-08-28 02:00:00
CN-90771,5,At Hub,,2026-08-28 16:00:00
CN-90772,1,Booking Created,,2026-07-21 10:00:00
CN-90772,2,Vehicle Allocated,,2026-07-21 21:00:00
CN-90772,3,Picked Up,,2026-07-22 13:00:00
CN-90772,4,In Transit,,2026-07-22 18:00:00
CN-90772,5,At Hub,,2026-07-23 14:00:00
CN-90772,6,Out For Delivery,,2026-07-23 23:00:00
CN-90772,7,Delivered,,2026-07-24 14:00:00
CN-90772,8,POD Uploaded,,2026-07-25 09:00:00
CN-90773,1,Booking Created,,2026-07-28 11:00:00
CN-90773,2,Vehicle Allocated,,2026-07-28 21:00:00
CN-90773,3,Picked Up,,2026-07-29 09:00:00
CN-90773,4,In Transit,,2026-07-30 01:00:00
CN-90773,5,At Hub,,2026-07-30 21:00:00
CN-90773,6,Out For Delivery,,2026-07-31 06:00:00
CN-90773,7,Delivered,,2026-07-31 19:00:00
CN-90773,8,POD Uploaded,,2026-08-01 11:00:00
CN-90774,1,Booking Created,,2026-08-07 20:00:00
CN-90774,2,Vehicle Allocated,,2026-08-08 06:00:00
CN-90774,3,Picked Up,,2026-08-09 02:00:00
CN-90774,4,In Transit,,2026-08-09 19:00:00
CN-90774,5,At Hub,,2026-08-10 14:00:00
CN-90774,6,Out For Delivery,,2026-08-11 04:00:00
CN-90774,7,Delivered,,2026-08-11 12:00:00
CN-90774,8,POD Uploaded,,2026-08-12 02:00:00
CN-90775,1,Booking Created,,2026-07-11 06:00:00
CN-90775,2,Vehicle Allocated,,2026-07-11 21:00:00
CN-90775,3,Picked Up,,2026-07-12 03:00:00
CN-90775,4,In Transit,,2026-07-12 13:00:00
CN-90775,5,At Hub,,2026-07-12 23:00:00
CN-90775,6,Out For Delivery,,2026-07-13 06:00:00
CN-90775,7,Delivered,,2026-07-13 10:00:00
CN-90775,8,POD Uploaded,,2026-07-13 14:00:00
CN-90776,1,Booking Created,,2026-08-26 06:00:00
CN-90776,2,Vehicle Allocated,,2026-08-26 16:00:00
CN-90776,3,Picked Up,,2026-08-27
CN-90776,4,In Transit,,2026-08-27 06:00:00
CN-90776,5,At Hub,,2026-08-27 18:00:00
CN-90776,6,Out For Delivery,,2026-08-28 14:00:00
CN-90777,1,Booking Created,,2026-07-14 04:00:00
CN-90777,2,Vehicle Allocated,,2026-07-14 19:00:00
CN-90777,3,Picked Up,,2026-07-15 09:00:00
CN-90777,4,In Transit,,2026-07-16 02:00:00
CN-90777,5,At Hub,,2026-07-16 14:00:00
CN-90777,6,Out For Delivery,,2026-07-17 08:00:00
CN-90777,7,Delivered,,2026-07-17 17:00:00
CN-90777,8,POD Uploaded,,2026-07-18 04:00:00
CN-90778,1,Booking Created,,2026-08-14 03:00:00
CN-90778,2,Vehicle Allocated,,2026-08-14 22:00:00
CN-90778,3,Picked Up,,2026-08-15 01:00:00
CN-90778,4,In Transit,,2026-08-15 20:00:00
CN-90778,5,At Hub,,2026-08-16 15:00:00
CN-90778,6,Out For Delivery,,2026-08-16 21:00:00
CN-90778,7,Delivered,,2026-08-17 08:00:00
CN-90778,8,POD Uploaded,,2026-08-17 17:00:00
CN-90779,1,Booking Created,,2026-07-04 19:00:00
CN-90779,2,Vehicle Allocated,,2026-07-05 11:00:00
CN-90779,3,Picked Up,,2026-07-05 20:00:00
CN-90779,4,In Transit,,2026-07-06 16:00:00
CN-90779,5,At Hub,,2026-07-07 04:00:00
CN-90779,6,Out For Delivery,,2026-07-07 14:00:00
CN-90779,7,Delivered,,2026-07-07 21:00:00
CN-90779,8,POD Uploaded,,2026-07-08 14:00:00
CN-90780,1,Booking Created,,2026-08-15 12:00:00
CN-90780,2,Vehicle Allocated,,2026-08-16 04:00:00
CN-90780,3,Picked Up,,2026-08-16 10:00:00
CN-90780,4,In Transit,,2026-08-16 18:00:00
CN-90780,5,At Hub,,2026-08-17 06:00:00
CN-90780,6,Out For Delivery,,2026-08-17 18:00:00
CN-90780,7,Delivered,,2026-08-18 07:00:00
CN-90780,8,POD Uploaded,,2026-08-18 17:00:00
CN-90781,1,Booking Created,,2026-08-23 13:00:00
CN-90781,2,Vehicle Allocated,,2026-08-23 22:00:00
CN-90781,3,Picked Up,,2026-08-24 06:00:00
CN-90781,4,In Transit,,2026-08-24 14:00:00
CN-90781,5,At Hub,,2026-08-25 08:00:00
CN-90781,6,Out For Delivery,,2026-08-25 20:00:00
CN-90781,7,Delivered,,2026-08-26 05:00:00
CN-90781,8,POD Uploaded,,2026-08-26 21:00:00
CN-90782,1,Booking Created,,2026-08-13 16:00:00
CN-90782,2,Vehicle Allocated,,2026-08-13 20:00:00
CN-90782,3,Picked Up,,2026-08-14 04:00:00
CN-90782,4,In Transit,,2026-08-15
CN-90782,5,At Hub,,2026-08-15 15:00:00
CN-90782,6,Out For Delivery,,2026-08-15 23:00:00
CN-90782,7,Delivered,,2026-08-16 07:00:00
CN-90782,8,POD Uploaded,,2026-08-17 01:00:00
CN-90783,1,Booking Created,,2026-08-17 07:00:00
CN-90783,2,Vehicle Allocated,,2026-08-18
CN-90783,3,Picked Up,,2026-08-18 05:00:00
CN-90783,4,In Transit,,2026-08-18 15:00:00
CN-90783,5,At Hub,,2026-08-18 19:00:00
CN-90783,6,Out For Delivery,,2026-08-19 01:00:00
CN-90783,7,Delivered,,2026-08-19 18:00:00
CN-90783,8,POD Uploaded,,2026-08-19 21:00:00
CN-90784,1,Booking Created,,2026-08-28 20:00:00
CN-90784,2,Vehicle Allocated,,2026-08-29 03:00:00
CN-90784,3,Picked Up,,2026-08-29 21:00:00
CN-90784,4,In Transit,,2026-08-30 10:00:00
CN-90784,5,At Hub,,2026-08-31 06:00:00
CN-90785,1,Booking Created,,2026-08-22 17:00:00
CN-90785,2,Vehicle Allocated,,2026-08-23 05:00:00
CN-90785,3,Picked Up,,2026-08-23 22:00:00
CN-90785,4,In Transit,,2026-08-24 14:00:00
CN-90785,5,At Hub,,2026-08-24 21:00:00
CN-90785,6,Out For Delivery,,2026-08-25 02:00:00
CN-90785,7,Delivered,,2026-08-25 21:00:00
CN-90785,8,POD Uploaded,,2026-08-26 05:00:00
CN-90786,1,Booking Created,,2026-07-30 16:00:00
CN-90786,2,Vehicle Allocated,,2026-07-31 04:00:00
CN-90786,3,Picked Up,,2026-07-31 17:00:00
CN-90786,4,In Transit,,2026-08-01 03:00:00
CN-90786,5,At Hub,,2026-08-01 14:00:00
CN-90786,6,Out For Delivery,,2026-08-01 19:00:00
CN-90786,7,Delivered,,2026-08-02
CN-90786,8,POD Uploaded,,2026-08-02 03:00:00
CN-90787,1,Booking Created,,2026-07-12 05:00:00
CN-90787,2,Vehicle Allocated,,2026-07-12 22:00:00
CN-90787,3,Picked Up,,2026-07-13 07:00:00
CN-90787,4,In Transit,,2026-07-14 02:00:00
CN-90787,5,At Hub,,2026-07-14 08:00:00
CN-90787,6,Out For Delivery,,2026-07-15 03:00:00
CN-90787,7,Delivered,,2026-07-15 16:00:00
CN-90787,8,POD Uploaded,,2026-07-16 10:00:00
CN-90788,1,Booking Created,,2026-08-03 18:00:00
CN-90788,2,Vehicle Allocated,,2026-08-04 13:00:00
CN-90788,3,Picked Up,,2026-08-05 05:00:00
CN-90788,4,In Transit,,2026-08-05 23:00:00
CN-90788,5,At Hub,,2026-08-06 06:00:00
CN-90788,6,Out For Delivery,,2026-08-06 17:00:00
CN-90788,7,Delivered,,2026-08-07 03:00:00
CN-90788,8,POD Uploaded,,2026-08-07 09:00:00
CN-90789,1,Booking Created,,2026-08-28 19:00:00
CN-90789,2,Vehicle Allocated,,2026-08-29 09:00:00
CN-90789,3,Picked Up,,2026-08-29 22:00:00
CN-90790,1,Booking Created,,2026-07-18 09:00:00
CN-90790,2,Vehicle Allocated,,2026-07-18 17:00:00
CN-90790,3,Picked Up,,2026-07-19 12:00:00
CN-90790,4,In Transit,,2026-07-19 21:00:00
CN-90790,5,At Hub,,2026-07-20 10:00:00
CN-90790,6,Out For Delivery,,2026-07-21 02:00:00
CN-90790,7,Delivered,,2026-07-21 11:00:00
CN-90790,8,POD Uploaded,,2026-07-22 02:00:00
CN-90791,1,Booking Created,,2026-08-29 09:00:00
CN-90791,2,Vehicle Allocated,,2026-08-30 02:00:00
CN-90791,3,Picked Up,,2026-08-30 20:00:00
CN-90791,4,In Transit,,2026-08-31 12:00:00
CN-90791,5,At Hub,,2026-08-31 17:00:00
CN-90791,6,Out For Delivery,,2026-09-01
CN-90791,7,Delivered,,2026-09-01 06:00:00
CN-90792,1,Booking Created,,2026-08-03 19:00:00
CN-90792,2,Vehicle Allocated,,2026-08-04 11:00:00
CN-90792,3,Picked Up,,2026-08-04 19:00:00
CN-90792,4,In Transit,,2026-08-05 09:00:00
CN-90792,5,At Hub,,2026-08-05 18:00:00
CN-90792,6,Out For Delivery,,2026-08-06 08:00:00
CN-90792,7,Delivered,,2026-08-06 17:00:00
CN-90792,8,POD Uploaded,,2026-08-06 20:00:00
CN-90793,1,Booking Created,,2026-08-10 06:00:00
CN-90793,2,Vehicle Allocated,,2026-08-10 15:00:00
CN-90793,3,Picked Up,,2026-08-10 18:00:00
CN-90793,4,In Transit,,2026-08-11 11:00:00
CN-90793,5,At Hub,,2026-08-11 15:00:00
CN-90793,6,Out For Delivery,,2026-08-12
CN-90793,7,Delivered,,2026-08-12 13:00:00
CN-90793,8,POD Uploaded,,2026-08-12 19:00:00
CN-90794,1,Booking Created,,2026-08-10 08:00:00
CN-90794,2,Vehicle Allocated,,2026-08-10 19:00:00
CN-90794,3,Picked Up,,2026-08-11 11:00:00
CN-90794,4,In Transit,,2026-08-11 14:00:00
CN-90794,5,At Hub,,2026-08-12 01:00:00
CN-90794,6,Out For Delivery,,2026-08-12 18:00:00
CN-90794,7,Delivered,,2026-08-13
CN-90794,8,POD Uploaded,,2026-08-13 10:00:00
CN-90795,1,Booking Created,,2026-07-28 17:00:00
CN-90795,2,Vehicle Allocated,,2026-07-29 04:00:00
CN-90795,3,Picked Up,,2026-07-29 09:00:00
CN-90795,4,In Transit,,2026-07-29 12:00:00
CN-90795,5,At Hub,,2026-07-30
CN-90795,6,Out For Delivery,,2026-07-30 18:00:00
CN-90795,7,Delivered,,2026-07-31
CN-90795,8,POD Uploaded,,2026-07-31 11:00:00
CN-90796,1,Booking Created,,2026-07-23 06:00:00
CN-90796,2,Vehicle Allocated,,2026-07-24 02:00:00
CN-90796,3,Picked Up,,2026-07-24 07:00:00
CN-90796,4,In Transit,,2026-07-24 22:00:00
CN-90796,5,At Hub,,2026-07-25 17:00:00
CN-90796,6,Out For Delivery,,2026-07-26 01:00:00
CN-90796,7,Delivered,,2026-07-26 16:00:00
CN-90796,8,POD Uploaded,,2026-07-27 09:00:00
CN-90797,1,Booking Created,,2026-08-13 06:00:00
CN-90797,2,Vehicle Allocated,,2026-08-13 23:00:00
CN-90797,3,Picked Up,,2026-08-14 14:00:00
CN-90797,4,In Transit,,2026-08-14 18:00:00
CN-90797,5,At Hub,,2026-08-15 08:00:00
CN-90797,6,Out For Delivery,,2026-08-16 01:00:00
CN-90797,7,Delivered,,2026-08-16 21:00:00
CN-90797,8,POD Uploaded,,2026-08-17 15:00:00
CN-90798,1,Booking Created,,2026-07-24 04:00:00
CN-90798,2,Vehicle Allocated,,2026-07-24 08:00:00
CN-90798,3,Picked Up,,2026-07-24 11:00:00
CN-90798,4,In Transit,,2026-07-25
CN-90798,5,At Hub,,2026-07-25 05:00:00
CN-90798,6,Out For Delivery,,2026-07-25 19:00:00
CN-90798,7,Delivered,,2026-07-26 06:00:00
CN-90798,8,POD Uploaded,,2026-07-26 10:00:00
CN-90799,1,Booking Created,,2026-08-28 11:00:00
CN-90799,2,Vehicle Allocated,,2026-08-28 20:00:00
CN-90799,3,Picked Up,,2026-08-29 04:00:00
CN-90800,1,Booking Created,,2026-07-07 12:00:00
CN-90800,2,Vehicle Allocated,,2026-07-08
CN-90800,3,Picked Up,,2026-07-08 12:00:00
CN-90800,4,In Transit,,2026-07-09
CN-90800,5,At Hub,,2026-07-09 18:00:00
CN-90800,6,Out For Delivery,,2026-07-10 11:00:00
CN-90800,7,Delivered,,2026-07-11 06:00:00
CN-90800,8,POD Uploaded,,2026-07-11 17:00:00
CN-90801,1,Booking Created,,2026-07-14 06:00:00
CN-90801,2,Vehicle Allocated,,2026-07-14 12:00:00
CN-90801,3,Picked Up,,2026-07-14 16:00:00
CN-90801,4,In Transit,,2026-07-15 08:00:00
CN-90801,5,At Hub,,2026-07-16 03:00:00
CN-90801,6,Out For Delivery,,2026-07-16 07:00:00
CN-90801,7,Delivered,,2026-07-16 20:00:00
CN-90801,8,POD Uploaded,,2026-07-17 12:00:00
CN-90802,1,Booking Created,,2026-07-20 12:00:00
CN-90802,2,Vehicle Allocated,,2026-07-20 17:00:00
CN-90802,3,Picked Up,,2026-07-20 22:00:00
CN-90802,4,In Transit,,2026-07-21 13:00:00
CN-90802,5,At Hub,,2026-07-21 19:00:00
CN-90802,6,Out For Delivery,,2026-07-22 12:00:00
CN-90802,7,Delivered,,2026-07-23 07:00:00
CN-90802,8,POD Uploaded,,2026-07-23 10:00:00
CN-90803,1,Booking Created,,2026-08-18 11:00:00
CN-90803,2,Vehicle Allocated,,2026-08-18 23:00:00
CN-90803,3,Picked Up,,2026-08-19 16:00:00
CN-90803,4,In Transit,,2026-08-20 03:00:00
CN-90803,5,At Hub,,2026-08-20 06:00:00
CN-90803,6,Out For Delivery,,2026-08-20 13:00:00
CN-90803,7,Delivered,,2026-08-21 05:00:00
CN-90803,8,POD Uploaded,,2026-08-21 21:00:00
CN-90804,1,Booking Created,,2026-08-24 06:00:00
CN-90804,2,Vehicle Allocated,,2026-08-24 14:00:00
CN-90804,3,Picked Up,,2026-08-24 23:00:00
CN-90804,4,In Transit,,2026-08-25 09:00:00
CN-90804,5,At Hub,,2026-08-26 05:00:00
CN-90804,6,Out For Delivery,,2026-08-26 21:00:00
CN-90804,7,Delivered,,2026-08-27 05:00:00
CN-90804,8,POD Uploaded,,2026-08-27 21:00:00
CN-90805,1,Booking Created,,2026-08-21 12:00:00
CN-90805,2,Vehicle Allocated,,2026-08-22 06:00:00
CN-90805,3,Picked Up,,2026-08-23 01:00:00
CN-90805,4,In Transit,,2026-08-23 04:00:00
CN-90806,1,Booking Created,,2026-08-03 07:00:00
CN-90806,2,Vehicle Allocated,,2026-08-03 12:00:00
CN-90806,3,Picked Up,,2026-08-04 03:00:00
CN-90806,4,In Transit,,2026-08-04 07:00:00
CN-90806,5,At Hub,,2026-08-04 12:00:00
CN-90806,6,Out For Delivery,,2026-08-04 16:00:00
CN-90806,7,Delivered,,2026-08-04 20:00:00
CN-90806,8,POD Uploaded,,2026-08-05
CN-90807,1,Booking Created,,2026-08-16 07:00:00
CN-90807,2,Vehicle Allocated,,2026-08-16 23:00:00
CN-90807,3,Picked Up,,2026-08-17 14:00:00
CN-90807,4,In Transit,,2026-08-18 07:00:00
CN-90807,5,At Hub,,2026-08-18 14:00:00
CN-90807,6,Out For Delivery,,2026-08-18 18:00:00
CN-90807,7,Delivered,,2026-08-19 06:00:00
CN-90807,8,POD Uploaded,,2026-08-19 17:00:00
CN-90808,1,Booking Created,,2026-08-11 16:00:00
CN-90808,2,Vehicle Allocated,,2026-08-11 21:00:00
CN-90808,3,Picked Up,,2026-08-12
CN-90808,4,In Transit,,2026-08-12 14:00:00
CN-90808,5,At Hub,,2026-08-12 22:00:00
CN-90808,6,Out For Delivery,,2026-08-13 18:00:00
CN-90808,7,Delivered,,2026-08-14
CN-90808,8,POD Uploaded,,2026-08-14 20:00:00
CN-90809,1,Booking Created,,2026-08-18 08:00:00
CN-90809,2,Vehicle Allocated,,2026-08-19 02:00:00
CN-90809,3,Picked Up,,2026-08-19 11:00:00
CN-90809,4,In Transit,,2026-08-20 01:00:00
CN-90809,5,At Hub,,2026-08-20 17:00:00
CN-90809,6,Out For Delivery,,2026-08-20 21:00:00
CN-90809,7,Delivered,,2026-08-21 08:00:00
CN-90809,8,POD Uploaded,,2026-08-21 15:00:00
CN-90810,1,Booking Created,,2026-08-07 17:00:00
CN-90810,2,Vehicle Allocated,,2026-08-08 07:00:00
CN-90810,3,Picked Up,,2026-08-08 19:00:00
CN-90810,4,In Transit,,2026-08-09 01:00:00
CN-90810,5,At Hub,,2026-08-09 16:00:00
CN-90810,6,Out For Delivery,,2026-08-10 01:00:00
CN-90810,7,Delivered,,2026-08-10 04:00:00
CN-90810,8,POD Uploaded,,2026-08-10 11:00:00
CN-90811,1,Booking Created,,2026-07-20 13:00:00
CN-90811,2,Vehicle Allocated,,2026-07-21 08:00:00
CN-90811,3,Picked Up,,2026-07-22
CN-90811,4,In Transit,,2026-07-22 05:00:00
CN-90811,5,At Hub,,2026-07-22 12:00:00
CN-90811,6,Out For Delivery,,2026-07-23 08:00:00
CN-90811,7,Delivered,,2026-07-23 17:00:00
CN-90811,8,POD Uploaded,,2026-07-24 13:00:00
CN-90812,1,Booking Created,,2026-08-22 08:00:00
CN-90812,2,Vehicle Allocated,,2026-08-22 23:00:00
CN-90812,3,Picked Up,,2026-08-23 04:00:00
CN-90812,4,In Transit,,2026-08-23 23:00:00
CN-90812,5,At Hub,,2026-08-24 09:00:00
CN-90812,6,Out For Delivery,,2026-08-24 12:00:00
CN-90812,7,Delivered,,2026-08-25 02:00:00
CN-90812,8,POD Uploaded,,2026-08-25 14:00:00
CN-90813,1,Booking Created,,2026-07-25 13:00:00
CN-90813,2,Vehicle Allocated,,2026-07-26 09:00:00
CN-90813,3,Picked Up,,2026-07-26 12:00:00
CN-90813,4,In Transit,,2026-07-26 20:00:00
CN-90813,5,At Hub,,2026-07-27 08:00:00
CN-90813,6,Out For Delivery,,2026-07-28 03:00:00
CN-90813,7,Delivered,,2026-07-28 13:00:00
CN-90813,8,POD Uploaded,,2026-07-29 06:00:00
CN-90814,1,Booking Created,,2026-07-25 18:00:00
CN-90814,2,Vehicle Allocated,,2026-07-26 10:00:00
CN-90814,3,Picked Up,,2026-07-27 03:00:00
CN-90814,4,In Transit,,2026-07-27 09:00:00
CN-90814,5,At Hub,,2026-07-28 01:00:00
CN-90814,6,Out For Delivery,,2026-07-28 21:00:00
CN-90814,7,Delivered,,2026-07-29 02:00:00
CN-90814,8,POD Uploaded,,2026-07-29 07:00:00
CN-90815,1,Booking Created,,2026-08-08 10:00:00
CN-90815,2,Vehicle Allocated,,2026-08-08 23:00:00
CN-90815,3,Picked Up,,2026-08-09 02:00:00
CN-90815,4,In Transit,,2026-08-09 16:00:00
CN-90815,5,At Hub,,2026-08-10 10:00:00
CN-90815,6,Out For Delivery,,2026-08-11 05:00:00
CN-90815,7,Delivered,,2026-08-11 12:00:00
CN-90815,8,POD Uploaded,,2026-08-11 18:00:00
CN-90816,1,Booking Created,,2026-08-28 03:00:00
CN-90816,2,Vehicle Allocated,,2026-08-28 17:00:00
CN-90816,3,Picked Up,,2026-08-29 06:00:00
